,indexID,ticker,porgFullName,secShortName,exchangeCD,tradeDate,preCloseIndex,openIndex,lowestIndex,highestIndex,closeIndex,turnoverVol,turnoverValue,CHG,CHGPct
0,000688.XSHG,000688,上海证券交易所,科创50,XSHG,2021-08-20,1546.11,1537.9117,1514.0672,1557.106,1529.0863,1037603500,57383894234,-17.0237,-0.011011
1,000688.XSHG,000688,上海证券交易所,科创50,XSHG,2021-08-23,1529.0863,1534.3905,1524.1951,1568.8396,1564.1108,1154617600,67456763825,35.0245,0.022906
2,000688.XSHG,000688,上海证券交易所,科创50,XSHG,2021-08-24,1564.1108,1567.6996,1550.8781,1586.5219,1578.0306,1171709800,69500388700,13.9198,0.008899
3,000688.XSHG,000688,上海证券交易所,科创50,XSHG,2021-08-25,1578.0306,1573.7417,1535.0926,1574.395,1542.7755,1084754900,67461347058,-35.2551,-0.022341
4,000688.XSHG,000688,上海证券交易所,科创50,XSHG,2021-08-26,1542.7755,1546.324,1494.8873,1555.0359,1497.3375,1072153000,66111394653,-45.438,-0.029452
5,000688.XSHG,000688,上海证券交易所,科创50,XSHG,2021-08-27,1497.3375,1491.3405,1476.5555,1506.6457,1480.3135,1040080500,58225637132,-17.024,-0.01137
6,000688.XSHG,000688,上海证券交易所,科创50,XSHG,2021-08-30,1480.3135,1487.8965,1463.403,1508.7841,1471.4549,1187558200,69044750194,-8.8586,-0.005984
7,000688.XSHG,000688,上海证券交易所,科创50,XSHG,2021-08-31,1471.4549,1463.1299,1423.5114,1463.5577,1441.1734,1072986600,62148290260,-30.2815,-0.020579
8,000688.XSHG,000688,上海证券交易所,科创50,XSHG,2021-09-01,1441.1734,1437.2638,1400.1594,1438.3776,1424.6642,1274849200,62190218473,-16.5092,-0.011455
9,000688.XSHG,000688,上海证券交易所,科创50,XSHG,2021-09-02,1424.6642,1416.1576,1395.5062,1424.1718,1399.4817,1148871400,53149175718,-25.1825,-0.017676
10,000688.XSHG,000688,上海证券交易所,科创50,XSHG,2021-09-03,1399.4817,1399.4653,1382.6425,1415.237,1400.8902,1139564400,54303637225,1.4085,0.001006
11,000688.XSHG,000688,上海证券交易所,科创50,XSHG,2021-09-06,1400.8902,1398.2433,1393.5389,1441.7099,1438.9953,978565800,50305730257,38.1051,0.027201
12,000688.XSHG,000688,上海证券交易所,科创50,XSHG,2021-09-07,1438.9953,1435.7342,1426.026,1443.3424,1438.5691,945268500,51064312997,-0.4262,-0.000296
13,000688.XSHG,000688,上海证券交易所,科创50,XSHG,2021-09-08,1438.5691,1439.6636,1408.7209,1439.6636,1412.7232,990505600,50089986842,-25.8459,-0.017966
14,000688.XSHG,000688,上海证券交易所,科创50,XSHG,2021-09-09,1412.7232,1414.073,1393.6076,1425.2845,1402.1908,941026700,46975512618,-10.5324,-0.007455
15,000688.XSHG,000688,上海证券交易所,科创50,XSHG,2021-09-10,1402.1908,1398.3316,1392.2062,1431.7057,1426.814,1052301900,55580134910,24.6232,0.017561
16,000688.XSHG,000688,上海证券交易所,科创50,XSHG,2021-09-13,1426.814,1426.5403,1384.0201,1426.7633,1384.4339,926590000,50564744294,-42.3801,-0.029703
17,000688.XSHG,000688,上海证券交易所,科创50,XSHG,2021-09-14,1384.4339,1384.2827,1383.4105,1414.0915,1396.6687,974882300,51653707667,12.2348,0.008837
18,000688.XSHG,000688,上海证券交易所,科创50,XSHG,2021-09-15,1396.6687,1395.6109,1378.9494,1395.9883,1384.5213,792433600,43589586772,-12.1474,-0.008697
19,000688.XSHG,000688,上海证券交易所,科创50,XSHG,2021-09-16,1384.5213,1378.1767,1347.9022,1380.1621,1351.4252,912622600,47704416479,-33.0961,-0.023904
20,000688.XSHG,000688,上海证券交易所,科创50,XSHG,2021-09-17,1351.4252,1349.342,1332.0953,1360.9092,1349.6848,872983900,45905528412,-1.7404,-0.001288
21,000688.XSHG,000688,上海证券交易所,科创50,XSHG,2021-09-22,1349.6848,1338.0143,1335.5035,1361.2129,1355.2812,781899700,40621275606,5.5964,0.004146
22,000688.XSHG,000688,上海证券交易所,科创50,XSHG,2021-09-23,1355.2812,1359.6721,1354.2102,1376.5717,1363.7869,735069800,38058800264,8.5057,0.006276
23,000688.XSHG,000688,上海证券交易所,科创50,XSHG,2021-09-24,1363.7869,1362.9793,1359.845,1390.5031,1374.9995,716907000,39188780550,11.2126,0.008222
24,000688.XSHG,000688,上海证券交易所,科创50,XSHG,2021-09-27,1374.9995,1386.5235,1354.2019,1397.1804,1368.6905,840243700,43661038139,-6.309,-0.004588
25,000688.XSHG,000688,上海证券交易所,科创50,XSHG,2021-09-28,1368.6905,1362.3276,1350.794,1379.5922,1354.0959,585825800,32249890685,-14.5946,-0.010663
26,000688.XSHG,000688,上海证券交易所,科创50,XSHG,2021-09-29,1354.0959,1344.8873,1336.5058,1356.6437,1345.7697,690371300,35658624806,-8.3262,-0.006149
27,000688.XSHG,000688,上海证券交易所,科创50,XSHG,2021-09-30,1345.7697,1348.6497,1348.6497,1371.4941,1368.7158,548589600,31771115684,22.9461,0.017051
28,000688.XSHG,000688,上海证券交易所,科创50,XSHG,2021-10-08,1368.7158,1378.5305,1361.0371,1388.0228,1364.4581,550278700,31614688004,-4.2577,-0.003111
29,000688.XSHG,000688,上海证券交易所,科创50,XSHG,2021-10-11,1364.4581,1367.2126,1348.0499,1377.3116,1349.7707,514554300,31268013696,-14.6874,-0.010764
30,000688.XSHG,000688,上海证券交易所,科创50,XSHG,2021-10-12,1349.7707,1348.2245,1312.4399,1355.9199,1319.3894,591576400,33115024273,-30.3813,-0.022508
31,000688.XSHG,000688,上海证券交易所,科创50,XSHG,2021-10-13,1319.3894,1322.8884,1322.8884,1349.167,1344.7629,522368400,31080566725,25.3735,0.019231
32,000688.XSHG,000688,上海证券交易所,科创50,XSHG,2021-10-14,1344.7629,1346.9885,1339.562,1356.2118,1347.268,561609700,30878604208,2.5051,0.001863
33,000688.XSHG,000688,上海证券交易所,科创50,XSHG,2021-10-15,1347.268,1349.4048,1341.7523,1367.2346,1363.1635,672927400,38052889205,15.8955,0.011798
34,000688.XSHG,000688,上海证券交易所,科创50,XSHG,2021-10-18,1363.1635,1366.5541,1338.8891,1366.5541,1352.5749,653644600,37979670438,-10.5886,-0.007768
35,000688.XSHG,000688,上海证券交易所,科创50,XSHG,2021-10-19,1352.5749,1355.07,1352.0107,1369.1628,1366.7911,625497900,35742204530,14.2162,0.01051
36,000688.XSHG,000688,上海证券交易所,科创50,XSHG,2021-10-20,1366.7911,1370.2134,1363.6535,1381.0631,1373.593,726001000,39490454471,6.8019,0.004977
37,000688.XSHG,000688,上海证券交易所,科创50,XSHG,2021-10-21,1373.593,1374.6488,1355.9314,1379.1943,1362.4049,654572300,35526154285,-11.1881,-0.008145
38,000688.XSHG,000688,上海证券交易所,科创50,XSHG,2021-10-22,1362.4049,1367.0587,1359.2732,1379.1876,1368.1361,672373100,37975476344,5.7312,0.004207
39,000688.XSHG,000688,上海证券交易所,科创50,XSHG,2021-10-25,1368.1361,1366.2051,1359.6254,1381.2355,1380.3088,703496700,42113126249,12.1727,0.008897
40,000688.XSHG,000688,上海证券交易所,科创50,XSHG,2021-10-26,1380.3088,1379.785,1372.6554,1389.4832,1376.1258,772080700,46384983677,-4.183,-0.00303
41,000688.XSHG,000688,上海证券交易所,科创50,XSHG,2021-10-27,1376.1258,1371.7912,1354.3047,1374.3617,1361.8172,882322500,46287276919,-14.3086,-0.010398
42,000688.XSHG,000688,上海证券交易所,科创50,XSHG,2021-10-28,1361.8172,1359.0729,1354.7179,1371.1742,1356.3747,888409800,47427890543,-5.4425,-0.003996
43,000688.XSHG,000688,上海证券交易所,科创50,XSHG,2021-10-29,1356.3747,1363.25,1355.3709,1398.4168,1396.1952,821832800,50999073360,39.8205,0.029358
44,000688.XSHG,000688,上海证券交易所,科创50,XSHG,2021-11-01,1396.1952,1398.5852,1392.4007,1415.5761,1404.2078,911209400,55378881937,8.0126,0.005739
45,000688.XSHG,000688,上海证券交易所,科创50,XSHG,2021-11-02,1404.2078,1405.8651,1395.6992,1423.9262,1405.6405,980767200,55141910705,1.4327,0.00102
46,000688.XSHG,000688,上海证券交易所,科创50,XSHG,2021-11-03,1405.6405,1408.1959,1386.3954,1416.4734,1399.5496,738388500,43143724386,-6.0909,-0.004333
47,000688.XSHG,000688,上海证券交易所,科创50,XSHG,2021-11-04,1399.5496,1404.6586,1404.6586,1420.334,1410.7421,841102200,46770260781,11.1925,0.007997
48,000688.XSHG,000688,上海证券交易所,科创50,XSHG,2021-11-05,1410.7421,1416.243,1396.0334,1418.8812,1396.7382,911594000,48447465368,-14.0039,-0.009927
49,000688.XSHG,000688,上海证券交易所,科创50,XSHG,2021-11-08,1396.7382,1398.5658,1381.6178,1401.0456,1400.7951,808243900,45547620469,4.0569,0.002905
50,000688.XSHG,000688,上海证券交易所,科创50,XSHG,2021-11-09,1400.7951,1404.8897,1397.8212,1422.8961,1420.5088,874973700,48290344945,19.7137,0.014073
51,000688.XSHG,000688,上海证券交易所,科创50,XSHG,2021-11-10,1420.5088,1417.6609,1398.8821,1423.3063,1420.4519,870459300,48751038564,-0.0569,-4e-05
52,000688.XSHG,000688,上海证券交易所,科创50,XSHG,2021-11-11,1420.4519,1418.4838,1416.1839,1443.6028,1437.1495,1020021600,57249078165,16.6976,0.011755
53,000688.XSHG,000688,上海证券交易所,科创50,XSHG,2021-11-12,1437.1495,1432.7093,1425.581,1444.4057,1440.1567,1072791600,59031351941,3.0072,0.002092
54,000688.XSHG,000688,上海证券交易所,科创50,XSHG,2021-11-15,1440.1567,1441.4073,1429.3163,1448.0286,1432.5994,1141589600,61527266128,-7.5573,-0.005248
55,000688.XSHG,000688,上海证券交易所,科创50,XSHG,2021-11-16,1432.5994,1428.481,1418.1952,1438.6107,1421.2749,1030142900,52554665695,-11.3245,-0.007905
56,000688.XSHG,000688,上海证券交易所,科创50,XSHG,2021-11-17,1421.2749,1420.9881,1414.1235,1438.8014,1436.1583,977522200,51587227800,14.8834,0.010472
57,000688.XSHG,000688,上海证券交易所,科创50,XSHG,2021-11-18,1436.1583,1433.508,1417.1655,1433.635,1423.9704,1023962200,57006568885,-12.1879,-0.008486
58,000688.XSHG,000688,上海证券交易所,科创50,XSHG,2021-11-19,1423.9704,1424.7587,1424.7587,1447.1857,1444.7839,938093700,52706234189,20.8135,0.014617
59,000688.XSHG,000688,上海证券交易所,科创50,XSHG,2021-11-22,1444.7839,1449.4523,1449.3754,1483.4845,1479.9874,1121378200,67432278583,35.2035,0.024366
60,000688.XSHG,000688,上海证券交易所,科创50,XSHG,2021-11-23,1479.9874,1477.6681,1473.5517,1485.7988,1476.2528,1057971400,62351543264,-3.7346,-0.002523
61,000688.XSHG,000688,上海证券交易所,科创50,XSHG,2021-11-24,1476.2528,1477.9611,1471.6161,1489.7134,1472.2247,1006669300,59766566189,-4.0281,-0.002729
62,000688.XSHG,000688,上海证券交易所,科创50,XSHG,2021-11-25,1472.2247,1472.6356,1465.6396,1477.7368,1468.072,980610900,55635892746,-4.1527,-0.002821
63,000688.XSHG,000688,上海证券交易所,科创50,XSHG,2021-11-26,1468.072,1466.3632,1450.9315,1470.5331,1459.9317,910697900,55082466660,-8.1403,-0.005545
64,000688.XSHG,000688,上海证券交易所,科创50,XSHG,2021-11-29,1459.9317,1448.4979,1444.3016,1474.4443,1471.2291,1043643200,65692939858,11.2974,0.007738
65,000688.XSHG,000688,上海证券交易所,科创50,XSHG,2021-11-30,1471.2291,1477.8041,1463.1472,1479.926,1475.7129,1025626900,61559709266,4.4838,0.003048
66,000688.XSHG,000688,上海证券交易所,科创50,XSHG,2021-12-01,1475.7129,1473.5206,1452.7528,1479.0866,1456.4829,896138400,57971666770,-19.23,-0.013031
67,000688.XSHG,000688,上海证券交易所,科创50,XSHG,2021-12-02,1456.4829,1454.7395,1427.9764,1458.0848,1429.5001,904336400,53134454513,-26.9828,-0.018526
68,000688.XSHG,000688,上海证券交易所,科创50,XSHG,2021-12-03,1429.5001,1432.2287,1431.5923,1444.9906,1444.8339,848974700,49199143832,15.3338,0.010727
69,000688.XSHG,000688,上海证券交易所,科创50,XSHG,2021-12-06,1444.8339,1444.9333,1405.5084,1445.1648,1405.7709,923524300,52675883724,-39.063,-0.027036
70,000688.XSHG,000688,上海证券交易所,科创50,XSHG,2021-12-07,1405.7709,1412.997,1380.5106,1415.0539,1389.437,873099400,49753478346,-16.3339,-0.011619
71,000688.XSHG,000688,上海证券交易所,科创50,XSHG,2021-12-08,1389.437,1394.9886,1394.9886,1416.6852,1415.3738,715126600,43464660479,25.9368,0.018667
72,000688.XSHG,000688,上海证券交易所,科创50,XSHG,2021-12-09,1415.3738,1417.3439,1410.1452,1438.4892,1434.5223,814597800,50724633789,19.1485,0.013529
73,000688.XSHG,000688,上海证券交易所,科创50,XSHG,2021-12-10,1434.5223,1431.848,1424.9966,1442.6215,1435.7028,1030301800,65177424558,1.1805,0.000823
74,000688.XSHG,000688,上海证券交易所,科创50,XSHG,2021-12-13,1435.7028,1439.1869,1434.1481,1450.8272,1445.7068,853648500,52692244311,10.004,0.006968
75,000688.XSHG,000688,上海证券交易所,科创50,XSHG,2021-12-14,1445.7068,1445.0515,1435.8854,1451.6787,1439.4694,791495200,46923829789,-6.2374,-0.004314
76,000688.XSHG,000688,上海证券交易所,科创50,XSHG,2021-12-15,1439.4694,1439.116,1424.769,1443.5514,1424.8995,823498700,52994807111,-14.5699,-0.010122
77,000688.XSHG,000688,上海证券交易所,科创50,XSHG,2021-12-16,1424.8995,1425.5285,1419.7022,1436.0615,1425.9289,741400600,45586156575,1.0294,0.000722
78,000688.XSHG,000688,上海证券交易所,科创50,XSHG,2021-12-17,1425.9289,1426.7922,1395.6431,1430.3917,1399.0594,805416200,47203642608,-26.8695,-0.018844
79,000688.XSHG,000688,上海证券交易所,科创50,XSHG,2021-12-20,1399.0594,1389.1787,1363.1149,1401.3367,1363.9562,775140100,49468157664,-35.1032,-0.025091
80,000688.XSHG,000688,上海证券交易所,科创50,XSHG,2021-12-21,1363.9562,1366.2729,1363.9685,1378.4886,1374.6495,678536700,39417534188,10.6933,0.00784
81,000688.XSHG,000688,上海证券交易所,科创50,XSHG,2021-12-22,1374.6495,1378.3107,1373.5253,1386.2428,1375.0299,759866000,41126794178,0.3804,0.000277
82,000688.XSHG,000688,上海证券交易所,科创50,XSHG,2021-12-23,1375.0299,1375.8297,1366.9899,1380.147,1375.9682,701669500,39277392722,0.9383,0.000682
83,000688.XSHG,000688,上海证券交易所,科创50,XSHG,2021-12-24,1375.9682,1375.1782,1353.6535,1378.2987,1358.7302,763598100,43953080972,-17.238,-0.012528
84,000688.XSHG,000688,上海证券交易所,科创50,XSHG,2021-12-27,1358.7302,1356.4098,1349.1108,1369.2119,1355.6358,635020200,37254102355,-3.0944,-0.002277
85,000688.XSHG,000688,上海证券交易所,科创50,XSHG,2021-12-28,1355.6358,1355.6539,1355.6539,1370.3113,1369.6193,663627600,38673312160,13.9835,0.010315
86,000688.XSHG,000688,上海证券交易所,科创50,XSHG,2021-12-29,1369.6193,1370.4936,1351.9984,1370.4936,1356.2141,630403600,36993070189,-13.4052,-0.009788
87,000688.XSHG,000688,上海证券交易所,科创50,XSHG,2021-12-30,1356.2141,1355.9678,1355.4075,1381.4354,1375.5602,781684100,44883693416,19.3461,0.014265
88,000688.XSHG,000688,上海证券交易所,科创50,XSHG,2021-12-31,1375.5602,1384.2783,1383.8355,1399.7538,1398.1941,784020800,46438686183,22.6339,0.016454
89,000688.XSHG,000688,上海证券交易所,科创50,XSHG,2022-01-04,1398.1941,1403.3937,1361.4322,1405.5148,1364.9894,930256200,53289175337,-33.2047,-0.023748
90,000688.XSHG,000688,上海证券交易所,科创50,XSHG,2022-01-05,1364.9894,1364.0143,1328.2901,1365.7661,1333.3348,900049700,51248062399,-31.6546,-0.02319
91,000688.XSHG,000688,上海证券交易所,科创50,XSHG,2022-01-06,1333.3348,1327.6967,1309.8973,1331.4326,1320.935,795374000,45491782397,-12.3998,-0.0093
92,000688.XSHG,000688,上海证券交易所,科创50,XSHG,2022-01-07,1320.935,1322.8916,1305.1409,1331.9148,1305.4918,911741600,48006858049,-15.4432,-0.011691
93,000688.XSHG,000688,上海证券交易所,科创50,XSHG,2022-01-10,1305.4918,1306.5973,1291.4089,1323.1549,1318.2665,851736700,49356827246,12.7747,0.009785
94,000688.XSHG,000688,上海证券交易所,科创50,XSHG,2022-01-11,1318.2665,1317.9239,1291.5074,1317.9274,1294.4038,803578500,48705084901,-23.8627,-0.018102
95,000688.XSHG,000688,上海证券交易所,科创50,XSHG,2022-01-12,1294.4038,1298.6229,1298.6229,1317.523,1316.3531,889036300,54801854442,21.9493,0.016957
96,000688.XSHG,000688,上海证券交易所,科创50,XSHG,2022-01-13,1316.3531,1319.1868,1294.6527,1319.1868,1294.6527,825110600,51538527249,-21.7004,-0.016485
97,000688.XSHG,000688,上海证券交易所,科创50,XSHG,2022-01-14,1294.6527,1289.3818,1288.8503,1316.3277,1312.2923,997588800,60827015852,17.6396,0.013625
98,000688.XSHG,000688,上海证券交易所,科创50,XSHG,2022-01-17,1312.2923,1317.385,1313.6157,1341.1732,1338.3172,1046228800,67043438400,26.0249,0.019832
99,000688.XSHG,000688,上海证券交易所,科创50,XSHG,2022-01-18,1338.3172,1340.414,1328.4021,1362.4779,1342.356,1118255800,62509376314,4.0388,0.003018
100,000688.XSHG,000688,上海证券交易所,科创50,XSHG,2022-01-19,1342.356,1340.7132,1318.3106,1343.3027,1324.0889,875306700,48702658329,-18.2671,-0.013608
101,000688.XSHG,000688,上海证券交易所,科创50,XSHG,2022-01-20,1324.0889,1326.6377,1304.6922,1329.8129,1306.023,912282000,49500717264,-18.0659,-0.013644
102,000688.XSHG,000688,上海证券交易所,科创50,XSHG,2022-01-21,1306.023,1304.1581,1288.7805,1308.4372,1290.4057,864836300,45936325969,-15.6173,-0.011958
103,000688.XSHG,000688,上海证券交易所,科创50,XSHG,2022-01-24,1290.4057,1286.1386,1285.0377,1311.5068,1307.7417,703092100,41625125269,17.336,0.013435
104,000688.XSHG,000688,上海证券交易所,科创50,XSHG,2022-01-25,1307.7417,1303.93,1276.196,1311.7283,1277.0039,823470600,42025406994,-30.7378,-0.023504
105,000688.XSHG,000688,上海证券交易所,科创50,XSHG,2022-01-26,1277.0039,1281.5104,1261.9509,1289.4081,1276.3622,1513995400,43889405966,-0.6417,-0.000503
106,000688.XSHG,000688,上海证券交易所,科创50,XSHG,2022-01-27,1276.3622,1274.6265,1239.4889,1280.2453,1240.5543,1118748200,41994952495,-35.8079,-0.028055
107,000688.XSHG,000688,上海证券交易所,科创50,XSHG,2022-01-28,1240.5543,1253.942,1229.2236,1255.1908,1229.2236,906123800,37089018612,-11.3307,-0.009134
108,000688.XSHG,000688,上海证券交易所,科创50,XSHG,2022-02-07,1229.2236,1247.5846,1230.7044,1263.9658,1233.6183,819967000,33876596597,4.3947,0.003575
109,000688.XSHG,000688,上海证券交易所,科创50,XSHG,2022-02-08,1233.6183,1233.6572,1191.4926,1233.6572,1204.0542,821926200,34921999307,-29.5641,-0.023965
110,000688.XSHG,000688,上海证券交易所,科创50,XSHG,2022-02-09,1204.0542,1204.241,1195.0854,1212.4495,1210.2863,861344100,36392738612,6.2321,0.005176
111,000688.XSHG,000688,上海证券交易所,科创50,XSHG,2022-02-10,1210.2863,1214.9815,1182.3976,1215.2781,1188.1974,902055800,40602727373,-22.0889,-0.018251
112,000688.XSHG,000688,上海证券交易所,科创50,XSHG,2022-02-11,1188.1974,1182.8686,1168.9044,1188.5179,1169.5896,897509600,37864107548,-18.6078,-0.015661
113,000688.XSHG,000688,上海证券交易所,科创50,XSHG,2022-02-14,1169.5896,1161.8449,1148.7033,1179.8879,1169.4421,620563300,29024141822,-0.1475,-0.000126
114,000688.XSHG,000688,上海证券交易所,科创50,XSHG,2022-02-15,1169.4421,1172.7707,1171.6756,1204.34,1203.1243,744095100,34578447290,33.6822,0.028802
115,000688.XSHG,000688,上海证券交易所,科创50,XSHG,2022-02-16,1203.1243,1210.4158,1195.9717,1211.5529,1197.5615,708426500,32165254606,-5.5628,-0.004624
116,000688.XSHG,000688,上海证券交易所,科创50,XSHG,2022-02-17,1197.5615,1196.5983,1191.4463,1217.4702,1207.8211,740291000,34088935467,10.2596,0.008567
117,000688.XSHG,000688,上海证券交易所,科创50,XSHG,2022-02-18,1207.8211,1200.3428,1195.2398,1206.0129,1204.3705,639694800,29866344015,-3.4506,-0.002857
118,000688.XSHG,000688,上海证券交易所,科创50,XSHG,2022-02-21,1204.3705,1207.1474,1191.8391,1212.4942,1193.6012,757672700,32960332337,-10.7693,-0.008942
119,000688.XSHG,000688,上海证券交易所,科创50,XSHG,2022-02-22,1193.6012,1184.835,1168.5652,1186.7833,1183.9818,769676500,34764818367,-9.6194,-0.008059
120,000688.XSHG,000688,上海证券交易所,科创50,XSHG,2022-02-23,1183.9818,1182.4218,1181.4023,1233.4417,1231.077,906858500,45910558536,47.0952,0.039777
121,000688.XSHG,000688,上海证券交易所,科创50,XSHG,2022-02-24,1231.077,1226.9481,1199.0721,1240.3537,1214.9889,1133153000,51365988764,-16.0881,-0.013068
122,000688.XSHG,000688,上海证券交易所,科创50,XSHG,2022-02-25,1214.9889,1231.5406,1230.6061,1253.4553,1240.8776,862074100,46247054185,25.8887,0.021308
123,000688.XSHG,000688,上海证券交易所,科创50,XSHG,2022-02-28,1240.8776,1243.9803,1230.6454,1249.5852,1249.5852,981222700,50069597610,8.7076,0.007017
124,000688.XSHG,000688,上海证券交易所,科创50,XSHG,2022-03-01,1249.5852,1254.5696,1232.0914,1259.677,1239.019,856830800,42394223284,-10.5662,-0.008456
125,000688.XSHG,000688,上海证券交易所,科创50,XSHG,2022-03-02,1239.019,1233.1042,1216.4668,1233.9161,1230.2782,720866700,36213535916,-8.7408,-0.007055
126,000688.XSHG,000688,上海证券交易所,科创50,XSHG,2022-03-03,1230.2782,1235.9584,1208.8194,1237.1979,1209.8187,762090500,39447162344,-20.4595,-0.01663
127,000688.XSHG,000688,上海证券交易所,科创50,XSHG,2022-03-04,1209.8187,1201.1241,1197.8335,1228.1876,1203.0891,776777600,39930472638,-6.7296,-0.005562
128,000688.XSHG,000688,上海证券交易所,科创50,XSHG,2022-03-07,1203.0891,1198.0119,1164.9814,1198.0119,1169.9825,818438500,41972092269,-33.1066,-0.027518
129,000688.XSHG,000688,上海证券交易所,科创50,XSHG,2022-03-08,1169.9825,1167.5937,1135.5194,1179.1959,1137.0749,967231200,47418263838,-32.9076,-0.028127
130,000688.XSHG,000688,上海证券交易所,科创50,XSHG,2022-03-09,1137.0749,1148.1814,1097.0722,1156.4004,1129.6471,1091741900,48790637558,-7.4278,-0.006532
131,000688.XSHG,000688,上海证券交易所,科创50,XSHG,2022-03-10,1129.6471,1161.9879,1149.4154,1168.1394,1153.3575,1022893900,50046955570,23.7104,0.020989
132,000688.XSHG,000688,上海证券交易所,科创50,XSHG,2022-03-11,1153.3575,1137.6069,1125.3437,1162.5962,1161.2101,1055323600,52556982618,7.8526,0.006808
133,000688.XSHG,000688,上海证券交易所,科创50,XSHG,2022-03-14,1161.2101,1151.9658,1126.2614,1154.7026,1126.282,892350100,49002009517,-34.9281,-0.030079
134,000688.XSHG,000688,上海证券交易所,科创50,XSHG,2022-03-15,1126.282,1115.1873,1093.4328,1142.81,1093.4328,1062202200,49802723254,-32.8492,-0.029166
135,000688.XSHG,000688,上海证券交易所,科创50,XSHG,2022-03-16,1093.4328,1115.8404,1070.7745,1128.1155,1125.4845,1158998900,54132659090,32.0517,0.029313
136,000688.XSHG,000688,上海证券交易所,科创50,XSHG,2022-03-17,1125.4845,1144.9754,1138.0115,1163.5062,1142.713,1198037100,58802348581,17.2285,0.015308
137,000688.XSHG,000688,上海证券交易所,科创50,XSHG,2022-03-18,1142.713,1136.9841,1124.8531,1144.3212,1144.3212,859398800,42491108799,1.6082,0.001407
138,000688.XSHG,000688,上海证券交易所,科创50,XSHG,2022-03-21,1144.3212,1143.5474,1137.8125,1160.7095,1152.3256,924288000,46531974243,8.0044,0.006995
139,000688.XSHG,000688,上海证券交易所,科创50,XSHG,2022-03-22,1152.3256,1145.082,1131.875,1149.4688,1134.3184,1010014900,39676749074,-18.0072,-0.015627
140,000688.XSHG,000688,上海证券交易所,科创50,XSHG,2022-03-23,1134.3184,1138.7304,1130.2245,1150.2031,1144.0887,899059300,37533051630,9.7703,0.008613
141,000688.XSHG,000688,上海证券交易所,科创50,XSHG,2022-03-24,1144.0887,1135.8469,1121.6449,1141.7551,1134.57,813417100,36435083633,-9.5187,-0.00832
142,000688.XSHG,000688,上海证券交易所,科创50,XSHG,2022-03-25,1134.57,1137.7967,1106.3626,1140.9204,1106.8627,733873900,33573881983,-27.7073,-0.024421
143,000688.XSHG,000688,上海证券交易所,科创50,XSHG,2022-03-28,1106.8627,1097.8697,1085.2738,1101.3291,1090.7343,673443500,29905053728,-16.1284,-0.014571
144,000688.XSHG,000688,上海证券交易所,科创50,XSHG,2022-03-29,1090.7343,1097.3573,1078.3421,1099.2434,1079.933,696610400,31442742848,-10.8013,-0.009903
145,000688.XSHG,000688,上海证券交易所,科创50,XSHG,2022-03-30,1079.933,1084.7637,1084.7637,1112.6275,1112.5186,738217300,34920037079,32.5856,0.030174
146,000688.XSHG,000688,上海证券交易所,科创50,XSHG,2022-03-31,1112.5186,1109.553,1086.9895,1109.553,1091.0588,749379000,33701363377,-21.4598,-0.019289
147,000688.XSHG,000688,上海证券交易所,科创50,XSHG,2022-04-01,1091.0588,1085.3059,1074.7932,1095.4553,1089.1947,656332400,31147489768,-1.8641,-0.001709
148,000688.XSHG,000688,上海证券交易所,科创50,XSHG,2022-04-06,1089.1947,1087.7552,1054.6987,1087.7552,1058.4927,759334000,35342580870,-30.702,-0.028188
149,000688.XSHG,000688,上海证券交易所,科创50,XSHG,2022-04-07,1058.4927,1050.4342,1036.0738,1059.3597,1036.0738,719942200,30482509986,-22.4189,-0.02118
150,000688.XSHG,000688,上海证券交易所,科创50,XSHG,2022-04-08,1036.0738,1032.8376,1017.1813,1039.0962,1027.2438,718517500,31345365771,-8.83,-0.008523
151,000688.XSHG,000688,上海证券交易所,科创50,XSHG,2022-04-11,1027.2438,1022.9117,985.5852,1022.9117,988.7613,737660600,30848958697,-38.4825,-0.037462
152,000688.XSHG,000688,上海证券交易所,科创50,XSHG,2022-04-12,988.7613,987.451,970.0519,994.8326,994.4384,664348500,30018158616,5.6771,0.005742
153,000688.XSHG,000688,上海证券交易所,科创50,XSHG,2022-04-13,994.4384,989.6626,964.8323,989.6626,964.8323,572847800,26146132139,-29.6061,-0.029772
154,000688.XSHG,000688,上海证券交易所,科创50,XSHG,2022-04-14,964.8323,972.2369,961.536,982.7034,975.574,662401800,33156219004,10.7417,0.011133
155,000688.XSHG,000688,上海证券交易所,科创50,XSHG,2022-04-15,975.574,968.9073,955.7685,980.147,973.3632,672477400,30706156658,-2.2108,-0.002266
156,000688.XSHG,000688,上海证券交易所,科创50,XSHG,2022-04-18,973.3632,969.0595,964.4929,1005.8905,1004.6079,708761100,30602442907,31.2447,0.0321
157,000688.XSHG,000688,上海证券交易所,科创50,XSHG,2022-04-19,1004.6079,1002.9761,987.773,1010.5771,989.933,615875400,28189142665,-14.6749,-0.014608
158,000688.XSHG,000688,上海证券交易所,科创50,XSHG,2022-04-20,989.933,988.751,973.0504,992.4669,973.5102,607859400,27981625148,-16.4228,-0.01659
159,000688.XSHG,000688,上海证券交易所,科创50,XSHG,2022-04-21,973.5102,968.4769,954.8413,989.2479,957.7174,686545000,29289045594,-15.7928,-0.016223
160,000688.XSHG,000688,上海证券交易所,科创50,XSHG,2022-04-22,957.7174,953.6411,940.2646,959.7311,942.0685,636002000,29501742216,-15.6489,-0.01634
161,000688.XSHG,000688,上海证券交易所,科创50,XSHG,2022-04-25,942.0685,924.9594,884.3049,924.9594,884.3049,913603700,33579640145,-57.7636,-0.061316
162,000688.XSHG,000688,上海证券交易所,科创50,XSHG,2022-04-26,884.3049,884.1803,865.6522,901.7612,868.0672,805953400,31634771487,-16.2377,-0.018362
163,000688.XSHG,000688,上海证券交易所,科创50,XSHG,2022-04-27,868.0672,857.3813,853.2135,910.0714,906.4327,928712200,36178188051,38.3655,0.044196
164,000688.XSHG,000688,上海证券交易所,科创50,XSHG,2022-04-28,906.4327,899.6609,885.2511,908.4528,903.0643,879325800,35869711522,-3.3684,-0.003716
165,000688.XSHG,000688,上海证券交易所,科创50,XSHG,2022-04-29,903.0643,910.1357,902.5828,949.0618,947.1508,973887400,40114880859,44.0865,0.048819
166,000688.XSHG,000688,上海证券交易所,科创50,XSHG,2022-05-05,947.1508,944.5541,944.0617,967.253,956.1268,859036800,37635407717,8.976,0.009477
167,000688.XSHG,000688,上海证券交易所,科创50,XSHG,2022-05-06,956.1268,933.0104,929.8231,960.0423,942.2273,718348700,30829293647,-13.8995,-0.014537
168,000688.XSHG,000688,上海证券交易所,科创50,XSHG,2022-05-09,942.2273,938.3929,937.4347,953.5994,946.7246,676528600,28141796468,4.4973,0.004773
169,000688.XSHG,000688,上海证券交易所,科创50,XSHG,2022-05-10,946.7246,935.0587,931.5821,983.6753,972.1412,837451300,36751721896,25.4166,0.026847
170,000688.XSHG,000688,上海证券交易所,科创50,XSHG,2022-05-11,972.1412,974.5371,972.8599,1026.4892,1002.456,1064806600,45957025094,30.3148,0.031184
171,000688.XSHG,000688,上海证券交易所,科创50,XSHG,2022-05-12,1002.456,999.5381,996.469,1021.9634,1013.0628,813193700,35773881466,10.6068,0.010581
172,000688.XSHG,000688,上海证券交易所,科创50,XSHG,2022-05-13,1013.0628,1020.3921,1002.2742,1021.3733,1010.8038,662228300,30044975131,-2.259,-0.00223
173,000688.XSHG,000688,上海证券交易所,科创50,XSHG,2022-05-16,1010.8038,1016.941,995.2484,1025.6011,996.5061,761282100,31859903205,-14.2977,-0.014145
174,000688.XSHG,000688,上海证券交易所,科创50,XSHG,2022-05-17,996.5061,995.9742,993.3804,1013.9504,1010.3701,734257300,33454328071,13.864,0.013913
175,000688.XSHG,000688,上海证券交易所,科创50,XSHG,2022-05-18,1010.3701,1011.5258,1007.5721,1023.9293,1013.997,672012900,30256742092,3.6269,0.00359
176,000688.XSHG,000688,上海证券交易所,科创50,XSHG,2022-05-19,1013.997,1002.6563,999.4038,1036.6655,1036.3409,790284000,35414716281,22.3439,0.022035
177,000688.XSHG,000688,上海证券交易所,科创50,XSHG,2022-05-20,1036.3409,1045.6902,1028.945,1049.038,1045.3768,806071500,38339562828,9.0359,0.008719
178,000688.XSHG,000688,上海证券交易所,科创50,XSHG,2022-05-23,1045.3768,1044.1836,1033.7887,1050.0646,1046.1456,755249800,35743893068,0.7688,0.000735
179,000688.XSHG,000688,上海证券交易所,科创50,XSHG,2022-05-24,1046.1456,1045.0073,996.648,1045.0282,996.648,914650400,40634755595,-49.4976,-0.047314
180,000688.XSHG,000688,上海证券交易所,科创50,XSHG,2022-05-25,996.648,996.7532,991.9746,1008.5834,1006.5233,640795700,28654570958,9.8753,0.009909
181,000688.XSHG,000688,上海证券交易所,科创50,XSHG,2022-05-26,1006.5233,1006.0996,986.4223,1014.8498,1004.2564,679301000,30087268502,-2.2669,-0.002252
182,000688.XSHG,000688,上海证券交易所,科创50,XSHG,2022-05-27,1004.2564,1008.0577,988.2122,1015.4621,993.6989,683576100,29557921283,-10.5575,-0.010513
183,000688.XSHG,000688,上海证券交易所,科创50,XSHG,2022-05-30,993.6989,995.9564,984.2813,1007.1244,1001.5397,711060200,31716279173,7.8408,0.007891
184,000688.XSHG,000688,上海证券交易所,科创50,XSHG,2022-05-31,1001.5397,1004.0805,991.7451,1035.3156,1035.3156,1229603200,44653234049,33.7759,0.033724
185,000688.XSHG,000688,上海证券交易所,科创50,XSHG,2022-06-01,1035.3156,1029.0909,1024.7637,1038.7025,1031.5833,1325748400,48489690654,-3.7323,-0.003605
186,000688.XSHG,000688,上海证券交易所,科创50,XSHG,2022-06-02,1031.5833,1028.6856,1023.9882,1081.9235,1079.8543,1916111000,65527463070,48.271,0.046793
187,000688.XSHG,000688,上海证券交易所,科创50,XSHG,2022-06-06,1079.8543,1084.6559,1081.4477,1130.7569,1121.5373,2294039900,86152862531,41.683,0.038601
188,000688.XSHG,000688,上海证券交易所,科创50,XSHG,2022-06-07,1121.5373,1124.162,1104.4332,1124.5225,1111.3951,1652778800,63981168506,-10.1422,-0.009043
189,000688.XSHG,000688,上海证券交易所,科创50,XSHG,2022-06-08,1111.3951,1108.594,1091.6764,1126.464,1111.6738,1505660000,66838053875,0.2787,0.000251
190,000688.XSHG,000688,上海证券交易所,科创50,XSHG,2022-06-09,1111.6738,1108.9307,1073.66,1109.7339,1081.1731,1137763300,49277059636,-30.5007,-0.027437
191,000688.XSHG,000688,上海证券交易所,科创50,XSHG,2022-06-10,1081.1731,1074.0719,1072.1815,1103.1454,1102.8486,1292359600,59807403165,21.6755,0.020048
192,000688.XSHG,000688,上海证券交易所,科创50,XSHG,2022-06-13,1102.8486,1088.7597,1080.3858,1094.7905,1088.3772,1124266200,50825746065,-14.4714,-0.013122
193,000688.XSHG,000688,上海证券交易所,科创50,XSHG,2022-06-14,1088.3772,1073.7477,1038.9973,1076.8211,1070.5371,1127408400,50175254790,-17.8401,-0.016391
194,000688.XSHG,000688,上海证券交易所,科创50,XSHG,2022-06-15,1070.5371,1069.9379,1061.4614,1085.8778,1062.7133,1120451100,47345744076,-7.8238,-0.007308
195,000688.XSHG,000688,上海证券交易所,科创50,XSHG,2022-06-16,1062.7133,1065.69,1065.4434,1094.7025,1078.9465,1012977700,45297339619,16.2332,0.015275
196,000688.XSHG,000688,上海证券交易所,科创50,XSHG,2022-06-17,1078.9465,1070.6175,1066.1682,1094.267,1092.0872,1061734400,50000414257,13.1407,0.012179
197,000688.XSHG,000688,上海证券交易所,科创50,XSHG,2022-06-20,1092.0872,1099.4648,1086.7545,1109.7435,1095.3284,1097063100,53714442705,3.2412,0.002968
198,000688.XSHG,000688,上海证券交易所,科创50,XSHG,2022-06-21,1095.3284,1094.3283,1073.5046,1098.9015,1083.0207,1054501500,48908016628,-12.3077,-0.011237
199,000688.XSHG,000688,上海证券交易所,科创50,XSHG,2022-06-22,1083.0207,1084.7111,1063.5897,1090.0236,1063.6899,1078606300,50509220158,-19.3308,-0.017849
200,000688.XSHG,000688,上海证券交易所,科创50,XSHG,2022-06-23,1063.6899,1064.731,1054.9114,1083.1024,1081.8437,1101648100,51783724674,18.1538,0.017067
201,000688.XSHG,000688,上海证券交易所,科创50,XSHG,2022-06-24,1081.8437,1084.6086,1084.6086,1107.332,1101.4769,1257404000,60920314953,19.6332,0.018148
202,000688.XSHG,000688,上海证券交易所,科创50,XSHG,2022-06-27,1101.4769,1113.2171,1101.317,1121.4479,1103.3992,1183740900,58368299304,1.9223,0.001745
203,000688.XSHG,000688,上海证券交易所,科创50,XSHG,2022-06-28,1103.3992,1105.1145,1084.5866,1119.1846,1117.284,1249341800,59065500457,13.8848,0.012584
204,000688.XSHG,000688,上海证券交易所,科创50,XSHG,2022-06-29,1117.284,1112.5906,1089.2481,1121.2367,1090.6825,1343501500,64007362686,-26.6015,-0.023809
205,000688.XSHG,000688,上海证券交易所,科创50,XSHG,2022-06-30,1090.6825,1092.4591,1090.4982,1116.9531,1105.6672,1169904800,56981778263,14.9847,0.013739
206,000688.XSHG,000688,上海证券交易所,科创50,XSHG,2022-07-01,1105.6672,1105.9735,1086.2493,1107.8583,1089.0284,1127248900,51632334459,-16.6388,-0.015049
207,000688.XSHG,000688,上海证券交易所,科创50,XSHG,2022-07-04,1089.0284,1087.344,1073.0374,1098.6382,1095.0899,1215853500,60451658539,6.0615,0.005566
208,000688.XSHG,000688,上海证券交易所,科创50,XSHG,2022-07-05,1095.0899,1100.1778,1077.3476,1106.9889,1090.9295,1086473400,53465378704,-4.1604,-0.003799
209,000688.XSHG,000688,上海证券交易所,科创50,XSHG,2022-07-06,1090.9295,1092.7005,1091.4134,1116.1385,1101.7487,1109890100,55813604565,10.8192,0.009917
210,000688.XSHG,000688,上海证券交易所,科创50,XSHG,2022-07-07,1101.7487,1103.78,1087.593,1113.7254,1111.6734,1072293600,55797320317,9.9247,0.009008
211,000688.XSHG,000688,上海证券交易所,科创50,XSHG,2022-07-08,1111.6734,1117.1828,1100.5455,1120.8705,1104.0217,1021715000,52137364883,-7.6517,-0.006883
212,000688.XSHG,000688,上海证券交易所,科创50,XSHG,2022-07-11,1104.0217,1098.6654,1070.6564,1098.6654,1081.1633,989255800,50080649455,-22.8584,-0.020705
213,000688.XSHG,000688,上海证券交易所,科创50,XSHG,2022-07-12,1081.1633,1081.9019,1049.2119,1084.9442,1049.2412,991693000,50931144409,-31.9221,-0.029526
214,000688.XSHG,000688,上海证券交易所,科创50,XSHG,2022-07-13,1049.2412,1051.7777,1041.6502,1061.4114,1052.7914,899542200,46314541669,3.5502,0.003384
215,000688.XSHG,000688,上海证券交易所,科创50,XSHG,2022-07-14,1052.7914,1052.431,1049.6468,1086.3263,1076.8066,1038648400,51528964771,24.0152,0.022811
216,000688.XSHG,000688,上海证券交易所,科创50,XSHG,2022-07-15,1076.8066,1072.9932,1071.9749,1093.8199,1072.2621,1000237100,49883617607,-4.5445,-0.00422
217,000688.XSHG,000688,上海证券交易所,科创50,XSHG,2022-07-18,1072.2621,1075.7091,1053.3502,1078.3026,1069.3315,1070256700,52866494909,-2.9306,-0.002733
218,000688.XSHG,000688,上海证券交易所,科创50,XSHG,2022-07-19,1069.3315,1068.6931,1052.954,1073.0641,1061.853,1076958100,49932957639,-7.4785,-0.006994
219,000688.XSHG,000688,上海证券交易所,科创50,XSHG,2022-07-20,1061.853,1066.1994,1066.1994,1082.6178,1079.5267,1086976400,47975805930,17.6737,0.016644
220,000688.XSHG,000688,上海证券交易所,科创50,XSHG,2022-07-21,1079.5267,1080.6465,1075.6716,1109.5402,1091.4068,1194108200,57898834982,11.8801,0.011005
221,000688.XSHG,000688,上海证券交易所,科创50,XSHG,2022-07-22,1091.4068,1099.6229,1076.3539,1101.3702,1084.9742,1134545800,52962940478,-6.4326,-0.005894
222,000688.XSHG,000688,上海证券交易所,科创50,XSHG,2022-07-25,1084.9742,1082.6173,1070.8119,1095.6934,1073.7608,1054499300,50634308408,-11.2134,-0.010335
223,000688.XSHG,000688,上海证券交易所,科创50,XSHG,2022-07-26,1073.7608,1072.544,1066.1313,1087.8579,1084.6572,993526400,46607282955,10.8964,0.010148
224,000688.XSHG,000688,上海证券交易所,科创50,XSHG,2022-07-27,1084.6572,1083.6708,1083.3222,1098.3653,1095.6989,1078189200,52157860094,11.0417,0.01018
225,000688.XSHG,000688,上海证券交易所,科创50,XSHG,2022-07-28,1095.6989,1102.4382,1094.66,1116.163,1108.7909,1296548300,61601592600,13.092,0.011949
226,000688.XSHG,000688,上海证券交易所,科创50,XSHG,2022-07-29,1108.7909,1113.0776,1086.7147,1113.3227,1088.9128,1199933500,58274575772,-19.8781,-0.017928
227,000688.XSHG,000688,上海证券交易所,科创50,XSHG,2022-08-01,1088.9128,1081.6231,1068.1878,1100.9597,1100.1819,1177403400,57619549394,11.2691,0.010349
228,000688.XSHG,000688,上海证券交易所,科创50,XSHG,2022-08-02,1100.1819,1084.9808,1074.9743,1107.2352,1094.9146,1471058300,67156857685,-5.2673,-0.004788
229,000688.XSHG,000688,上海证券交易所,科创50,XSHG,2022-08-03,1094.9146,1099.4411,1090.6051,1127.0003,1100.3484,1608642400,77772826941,5.4338,0.004963
230,000688.XSHG,000688,上海证券交易所,科创50,XSHG,2022-08-04,1100.3484,1106.1511,1099.1044,1119.497,1110.9172,1289339300,60576173105,10.5688,0.009605
231,000688.XSHG,000688,上海证券交易所,科创50,XSHG,2022-08-05,1110.9172,1115.0157,1112.9196,1158.5128,1157.3329,1817096600,85412062999,46.4157,0.041781
232,000688.XSHG,000688,上海证券交易所,科创50,XSHG,2022-08-08,1157.3329,1161.0428,1144.3155,1161.0428,1152.5774,1611874400,79867487234,-4.7555,-0.004109
233,000688.XSHG,000688,上海证券交易所,科创50,XSHG,2022-08-09,1152.5774,1152.9139,1141.3422,1163.6975,1162.3201,1450879000,70148670438,9.7427,0.008453
234,000688.XSHG,000688,上海证券交易所,科创50,XSHG,2022-08-10,1162.3201,1154.1743,1152.9685,1170.5173,1156.1562,1427279800,70954179064,-6.1639,-0.005303
235,000688.XSHG,000688,上海证券交易所,科创50,XSHG,2022-08-11,1156.1562,1163.5388,1150.9825,1176.0599,1173.1444,1437472400,70481101150,16.9882,0.014694
236,000688.XSHG,000688,上海证券交易所,科创50,XSHG,2022-08-12,1173.1444,1169.6617,1146.019,1174.4035,1146.1911,1459238100,70866061256,-26.9533,-0.022975
237,000688.XSHG,000688,上海证券交易所,科创50,XSHG,2022-08-15,1146.1911,1145.0219,1138.062,1155.451,1143.7473,1217244000,60283774437,-2.4438,-0.002132
238,000688.XSHG,000688,上海证券交易所,科创50,XSHG,2022-08-16,1143.7473,1143.7048,1134.2111,1154.4251,1137.3015,1257221900,62751824193,-6.4458,-0.005636
239,000688.XSHG,000688,上海证券交易所,科创50,XSHG,2022-08-17,1137.3015,1136.8015,1127.8897,1140.6584,1132.3118,1272445100,63741212775,-4.9897,-0.004387
240,000688.XSHG,000688,上海证券交易所,科创50,XSHG,2022-08-18,1132.3118,1132.6024,1129.3245,1148.3835,1146.6341,1523627600,73948365796,14.3223,0.012649
241,000688.XSHG,000688,上海证券交易所,科创50,XSHG,2022-08-19,1146.6341,1146.3272,1108.1567,1155.7787,1108.4523,1658909700,77789155685,-38.1818,-0.033299
242,000688.XSHG,000688,上海证券交易所,科创50,XSHG,2022-08-22,1108.4523,1103.1526,1096.9895,1111.396,1107.2808,1358864200,69538801800,-1.1715,-0.001057
243,000688.XSHG,000688,上海证券交易所,科创50,XSHG,2022-08-23,1107.2808,1109.2525,1105.6814,1117.7146,1107.2996,1244458600,61849888665,0.0188,1.7e-05
244,000688.XSHG,000688,上海证券交易所,科创50,XSHG,2022-08-24,1107.2996,1110.0066,1068.9833,1112.7455,1068.9833,1461178600,67970770501,-38.3163,-0.034603
245,000688.XSHG,000688,上海证券交易所,科创50,XSHG,2022-08-25,1068.9833,1071.9812,1044.7723,1077.6644,1055.8892,1231705700,56989517679,-13.0941,-0.012249
246,000688.XSHG,000688,上海证券交易所,科创50,XSHG,2022-08-26,1055.8892,1064.7114,1044.3969,1069.2639,1045.9939,1130567500,55974923072,-9.8953,-0.009372
247,000688.XSHG,000688,上海证券交易所,科创50,XSHG,2022-08-29,1045.9939,1032.0404,1029.8875,1058.7185,1054.2848,1076968000,54207045503,8.2909,0.007926
248,000688.XSHG,000688,上海证券交易所,科创50,XSHG,2022-08-30,1054.2848,1054.2557,1047.7292,1064.7623,1050.2819,979438600,48853062100,-4.0029,-0.003797
249,000688.XSHG,000688,上海证券交易所,科创50,XSHG,2022-08-31,1050.2819,1048.4009,1023.4726,1057.8354,1029.6563,1190742200,57851109210,-20.6256,-0.019638
250,000688.XSHG,000688,上海证券交易所,科创50,XSHG,2022-09-01,1029.6563,1032.7751,1023.5414,1041.9187,1025.6604,1026108200,49633953224,-3.9959,-0.003881
251,000688.XSHG,000688,上海证券交易所,科创50,XSHG,2022-09-02,1025.6604,1027.4676,1022.5826,1040.4563,1030.1201,991182900,49552633275,4.4597,0.004348
252,000688.XSHG,000688,上海证券交易所,科创50,XSHG,2022-09-05,1030.1201,1030.5956,1018.5572,1034.9501,1024.3926,1006124000,49789709327,-5.7275,-0.00556
253,000688.XSHG,000688,上海证券交易所,科创50,XSHG,2022-09-06,1024.3926,1025.8577,1016.6465,1038.9673,1035.7838,999795100,49119091600,11.3912,0.01112
254,000688.XSHG,000688,上海证券交易所,科创50,XSHG,2022-09-07,1035.7838,1032.0248,1031.9045,1065.1669,1049.5791,1068758700,54679963502,13.7953,0.013319
255,000688.XSHG,000688,上海证券交易所,科创50,XSHG,2022-09-08,1049.5791,1050.3194,1040.0483,1054.7385,1040.773,908151800,44011257250,-8.8061,-0.00839
256,000688.XSHG,000688,上海证券交易所,科创50,XSHG,2022-09-09,1040.773,1039.5877,1022.6771,1042.1106,1033.7843,818749200,44467574053,-6.9887,-0.006715
257,000688.XSHG,000688,上海证券交易所,科创50,XSHG,2022-09-13,1033.7843,1034.4973,1028.7725,1046.1828,1031.1702,836220700,42605921665,-2.6141,-0.002529
258,000688.XSHG,000688,上海证券交易所,科创50,XSHG,2022-09-14,1031.1702,1018.0741,1016.8725,1033.4533,1031.304,831430200,42714101319,0.1338,0.00013
259,000688.XSHG,000688,上海证券交易所,科创50,XSHG,2022-09-15,1031.304,1035.7638,990.8531,1037.6253,1000.0806,1133766800,55344205425,-31.2234,-0.030276
260,000688.XSHG,000688,上海证券交易所,科创50,XSHG,2022-09-16,1000.0806,997.3582,997.3582,1018.7151,998.5182,929536600,46181303575,-1.5624,-0.001562
261,000688.XSHG,000688,上海证券交易所,科创50,XSHG,2022-09-19,998.5182,997.5257,970.8677,1003.1509,975.5474,922255100,44995900217,-22.9708,-0.023005
262,000688.XSHG,000688,上海证券交易所,科创50,XSHG,2022-09-20,975.5474,982.3683,977.2748,997.2182,985.151,767027600,38547530763,9.6036,0.009844
263,000688.XSHG,000688,上海证券交易所,科创50,XSHG,2022-09-21,985.151,980.621,968.7099,983.7956,970.3929,864992300,37244799736,-14.7581,-0.014981
264,000688.XSHG,000688,上海证券交易所,科创50,XSHG,2022-09-22,970.3929,964.959,963.8883,986.4305,975.8694,807536200,37964851581,5.4765,0.005644
265,000688.XSHG,000688,上海证券交易所,科创50,XSHG,2022-09-23,975.8694,975.5775,956.1147,984.1063,960.9396,922329500,41107569940,-14.9298,-0.015299
266,000688.XSHG,000688,上海证券交易所,科创50,XSHG,2022-09-26,960.9396,955.0406,952.1785,978.4942,961.8284,1087900500,40592618971,0.8888,0.000925
267,000688.XSHG,000688,上海证券交易所,科创50,XSHG,2022-09-27,961.8284,963.488,959.1965,976.4453,976.4453,1026512300,42069804778,14.6169,0.015197
268,000688.XSHG,000688,上海证券交易所,科创50,XSHG,2022-09-28,976.4453,973.4745,955.32,977.6638,956.1881,945067800,38121212441,-20.2572,-0.020746
269,000688.XSHG,000688,上海证券交易所,科创50,XSHG,2022-09-29,956.1881,962.4481,955.6069,970.1118,961.4745,881716800,39256418263,5.2864,0.005529
270,000688.XSHG,000688,上海证券交易所,科创50,XSHG,2022-09-30,961.4745,956.4046,937.8648,961.8853,939.3763,806460300,34938533823,-22.0982,-0.022984
271,000688.XSHG,000688,上海证券交易所,科创50,XSHG,2022-10-10,939.3763,933.0209,895.2032,934.9621,897.335,922655900,44637059938,-42.0413,-0.044754
272,000688.XSHG,000688,上海证券交易所,科创50,XSHG,2022-10-11,897.335,898.3667,889.4474,904.4706,892.7394,800256500,38268252178,-4.5956,-0.005121
273,000688.XSHG,000688,上海证券交易所,科创50,XSHG,2022-10-12,892.7394,890.2856,871.453,926.191,924.9136,1078907400,47861035456,32.1742,0.03604
274,000688.XSHG,000688,上海证券交易所,科创50,XSHG,2022-10-13,924.9136,917.3966,916.3668,942.8684,926.5203,1121000600,49018814760,1.6067,0.001737
275,000688.XSHG,000688,上海证券交易所,科创50,XSHG,2022-10-14,926.5203,936.4215,925.9315,961.5047,954.9237,1375528500,62532097940,28.4034,0.030656
276,000688.XSHG,000688,上海证券交易所,科创50,XSHG,2022-10-17,954.9237,948.6421,946.9386,964.9481,963.2239,1440474800,66314343847,8.3002,0.008692
277,000688.XSHG,000688,上海证券交易所,科创50,XSHG,2022-10-18,963.2239,964.9702,952.9945,968.1267,959.9995,1325445300,59066105579,-3.2244,-0.003348
278,000688.XSHG,000688,上海证券交易所,科创50,XSHG,2022-10-19,959.9995,957.7333,949.4981,963.1105,949.4981,1182427700,53369636239,-10.5014,-0.010939
279,000688.XSHG,000688,上海证券交易所,科创50,XSHG,2022-10-20,949.4981,944.1612,938.3342,976.7116,963.9516,1349221400,65795802736,14.4535,0.015222
280,000688.XSHG,000688,上海证券交易所,科创50,XSHG,2022-10-21,963.9516,961.4834,951.6716,972.8111,967.9801,1233932700,56998115226,4.0285,0.004179
281,000688.XSHG,000688,上海证券交易所,科创50,XSHG,2022-10-24,967.9801,967.5646,960.6231,989.6479,969.4924,1326378000,62747445198,1.5123,0.001562
282,000688.XSHG,000688,上海证券交易所,科创50,XSHG,2022-10-25,969.4924,962.9727,955.5696,984.4785,971.3335,1203228600,59056657256,1.8411,0.001899
283,000688.XSHG,000688,上海证券交易所,科创50,XSHG,2022-10-26,971.3335,972.4514,963.3635,1010.9808,1003.2544,1494491700,71704252473,31.9209,0.032863
284,000688.XSHG,000688,上海证券交易所,科创50,XSHG,2022-10-27,1003.2544,1008.7056,995.5518,1021.563,1004.9093,1510456500,72737466132,1.6549,0.00165
285,000688.XSHG,000688,上海证券交易所,科创50,XSHG,2022-10-28,1004.9093,996.6119,989.227,1015.4204,993.7213,1444228200,70834060609,-11.188,-0.011133
286,000688.XSHG,000688,上海证券交易所,科创50,XSHG,2022-10-31,993.7213,991.8868,991.8868,1022.2345,1010.3269,1654670900,77376669986,16.6056,0.016711
287,000688.XSHG,000688,上海证券交易所,科创50,XSHG,2022-11-01,1010.3269,1011.964,1000.967,1029.6428,1024.5223,1502622000,71564077168,14.1954,0.01405
288,000688.XSHG,000688,上海证券交易所,科创50,XSHG,2022-11-02,1024.5223,1020.0743,1017.994,1046.8232,1037.1791,1691740000,81747987649,12.6568,0.012354
289,000688.XSHG,000688,上海证券交易所,科创50,XSHG,2022-11-03,1037.1791,1028.4327,1027.0384,1055.1169,1048.0697,1459702200,76118262392,10.8906,0.0105
290,000688.XSHG,000688,上海证券交易所,科创50,XSHG,2022-11-04,1048.0697,1048.8909,1048.8909,1077.4898,1072.8704,1553440900,79527009859,24.8007,0.023663
291,000688.XSHG,000688,上海证券交易所,科创50,XSHG,2022-11-07,1072.8704,1070.1446,1058.1283,1080.7915,1061.3507,1511212800,74259240384,-11.5197,-0.010737
292,000688.XSHG,000688,上海证券交易所,科创50,XSHG,2022-11-08,1061.3507,1061.7123,1040.8652,1062.7181,1051.7093,1250654700,60430996553,-9.6414,-0.009084
293,000688.XSHG,000688,上海证券交易所,科创50,XSHG,2022-11-09,1051.7093,1049.721,1036.9543,1053.1397,1037.5267,1148717200,53488849933,-14.1826,-0.013485
294,000688.XSHG,000688,上海证券交易所,科创50,XSHG,2022-11-10,1037.5267,1033.129,1021.1126,1044.7249,1023.064,1473605500,63967964949,-14.4627,-0.01394
295,000688.XSHG,000688,上海证券交易所,科创50,XSHG,2022-11-11,1023.064,1053.8593,1023.2649,1059.7601,1023.2649,1765433300,79191793650,0.2009,0.000196
296,000688.XSHG,000688,上海证券交易所,科创50,XSHG,2022-11-14,1023.2649,1021.4092,1012.6723,1031.705,1022.9133,1355290800,63849567797,-0.3516,-0.000344
297,000688.XSHG,000688,上海证券交易所,科创50,XSHG,2022-11-15,1022.9133,1022.0413,1021.1369,1054.3574,1052.0448,1593990500,75640213245,29.1315,0.028479
298,000688.XSHG,000688,上海证券交易所,科创50,XSHG,2022-11-16,1052.0448,1052.4142,1034.2015,1054.3436,1036.4918,1331650800,61449959807,-15.553,-0.014784
299,000688.XSHG,000688,上海证券交易所,科创50,XSHG,2022-11-17,1036.4918,1029.3148,1015.0546,1041.7546,1041.6727,1340844600,64055724998,5.1809,0.004998
300,000688.XSHG,000688,上海证券交易所,科创50,XSHG,2022-11-18,1041.6727,1039.8545,1030.7443,1045.9506,1031.9923,1429961300,65644952452,-9.6804,-0.009293
301,000688.XSHG,000688,上海证券交易所,科创50,XSHG,2022-11-21,1031.9923,1023.9005,1020.0553,1032.949,1032.4722,1222175200,56253928115,0.4799,0.000465
302,000688.XSHG,000688,上海证券交易所,科创50,XSHG,2022-11-22,1032.4722,1029.5031,1015.1416,1030.3664,1017.8215,1419914800,57460488427,-14.6507,-0.01419
303,000688.XSHG,000688,上海证券交易所,科创50,XSHG,2022-11-23,1017.8215,1014.7376,994.4958,1021.9082,1017.0158,1412716000,57082924596,-0.8057,-0.000792
304,000688.XSHG,000688,上海证券交易所,科创50,XSHG,2022-11-24,1017.0158,1019.1768,1013.4817,1024.2438,1015.3554,1148749500,48954382359,-1.6604,-0.001633
305,000688.XSHG,000688,上海证券交易所,科创50,XSHG,2022-11-25,1015.3554,1012.7972,999.8382,1012.7972,999.9884,1134330300,46271765602,-15.367,-0.015135
306,000688.XSHG,000688,上海证券交易所,科创50,XSHG,2022-11-28,999.9884,983.5944,980.7551,997.8967,992.8114,1145216200,46834647654,-7.177,-0.007177
307,000688.XSHG,000688,上海证券交易所,科创50,XSHG,2022-11-29,992.8114,995.3404,988.0748,1003.6113,1002.4473,1261926200,56866576156,9.6359,0.009706
308,000688.XSHG,000688,上海证券交易所,科创50,XSHG,2022-11-30,1002.4473,999.613,991.4883,1003.7303,1000.2633,1219513400,53338141122,-2.184,-0.002179
309,000688.XSHG,000688,上海证券交易所,科创50,XSHG,2022-12-01,1000.2633,1008.7068,1004.3183,1017.0063,1009.3322,1313553400,60853587407,9.0689,0.009067
310,000688.XSHG,000688,上海证券交易所,科创50,XSHG,2022-12-02,1009.3322,1005.6314,1005.1581,1021.397,1008.1447,1260118300,54808409028,-1.1875,-0.001177
311,000688.XSHG,000688,上海证券交易所,科创50,XSHG,2022-12-05,1008.1447,1011.2806,999.4875,1011.2868,1003.6,1504117000,59767177317,-4.5447,-0.004508
312,000688.XSHG,000688,上海证券交易所,科创50,XSHG,2022-12-06,1003.6,1003.3058,999.5221,1014.3344,1003.1362,1305979200,58502177375,-0.4638,-0.000462
313,000688.XSHG,000688,上海证券交易所,科创50,XSHG,2022-12-07,1003.1362,999.2776,996.9439,1008.8471,1000.4747,1210505700,52188814926,-2.6615,-0.002653
314,000688.XSHG,000688,上海证券交易所,科创50,XSHG,2022-12-08,1000.4747,999.7483,995.8763,1005.8809,997.3145,1235865900,51482310454,-3.1602,-0.003159
315,000688.XSHG,000688,上海证券交易所,科创50,XSHG,2022-12-09,997.3145,998.7387,992.6342,1004.3595,1001.6858,1683717900,74626336843,4.3713,0.004383
316,000688.XSHG,000688,上海证券交易所,科创50,XSHG,2022-12-12,1001.6858,1000.2894,996.2253,1011.7622,1004.6214,1401644900,60996961375,2.9356,0.002931
317,000688.XSHG,000688,上海证券交易所,科创50,XSHG,2022-12-13,1004.6214,1002.5403,989.1815,1004.2057,989.3073,1126626400,49186628594,-15.3141,-0.015244
318,000688.XSHG,000688,上海证券交易所,科创50,XSHG,2022-12-14,989.3073,1003.5662,983.0889,1004.7414,984.2187,1125907300,51369092964,-5.0886,-0.005144
319,000688.XSHG,000688,上海证券交易所,科创50,XSHG,2022-12-15,984.2187,985.1521,979.5261,992.973,989.1978,960803500,42405129052,4.9791,0.005059
320,000688.XSHG,000688,上海证券交易所,科创50,XSHG,2022-12-16,989.1978,984.2514,973.6985,985.8674,978.3607,1089710800,43501229348,-10.8371,-0.010955
321,000688.XSHG,000688,上海证券交易所,科创50,XSHG,2022-12-19,978.3607,973.5975,954.0152,980.4682,956.186,976709500,39036089230,-22.1747,-0.022665
322,000688.XSHG,000688,上海证券交易所,科创50,XSHG,2022-12-20,956.186,955.0774,950.4724,959.964,952.7673,800455700,32159831457,-3.4187,-0.003575
323,000688.XSHG,000688,上海证券交易所,科创50,XSHG,2022-12-21,952.7673,950.5609,937.5198,954.6246,940.8352,770957600,30957798937,-11.9321,-0.012524
324,000688.XSHG,000688,上海证券交易所,科创50,XSHG,2022-12-22,940.8352,944.5731,928.906,946.0371,930.8046,812999500,32608083527,-10.0306,-0.010661
325,000688.XSHG,000688,上海证券交易所,科创50,XSHG,2022-12-23,930.8046,925.1412,915.349,930.0631,920.3509,869304600,35106246004,-10.4537,-0.011231
326,000688.XSHG,000688,上海证券交易所,科创50,XSHG,2022-12-26,920.3509,920.7353,920.5573,951.6596,951.1103,961228800,39871943431,30.7594,0.033421
327,000688.XSHG,000688,上海证券交易所,科创50,XSHG,2022-12-27,951.1103,951.8563,947.1695,965.4892,963.1355,925902600,40610306696,12.0252,0.012643
328,000688.XSHG,000688,上海证券交易所,科创50,XSHG,2022-12-28,963.1355,960.3881,955.4853,963.3555,957.2743,873105400,35621599828,-5.8612,-0.006086
329,000688.XSHG,000688,上海证券交易所,科创50,XSHG,2022-12-29,957.2743,956.0978,954.7399,970.5716,962.253,830255400,34525922752,4.9787,0.005201
330,000688.XSHG,000688,上海证券交易所,科创50,XSHG,2022-12-30,962.253,963.2943,958.9907,971.0402,959.9046,786940000,33026097666,-2.3484,-0.002441
331,000688.XSHG,000688,上海证券交易所,科创50,XSHG,2023-01-03,959.9046,960.5094,956.7036,982.239,979.9129,1126068000,47137521002,20.0083,0.020844
332,000688.XSHG,000688,上海证券交易所,科创50,XSHG,2023-01-04,979.9129,982.0256,966.2852,983.8397,972.3783,996959300,43347499596,-7.5346,-0.007689
333,000688.XSHG,000688,上海证券交易所,科创50,XSHG,2023-01-05,972.3783,972.606,969.318,985.8163,983.5198,1043191800,46691753363,11.1415,0.011458
334,000688.XSHG,000688,上海证券交易所,科创50,XSHG,2023-01-06,983.5198,985.9934,984.0247,1003.045,991.0952,1144462200,51540933418,7.5754,0.007702
335,000688.XSHG,000688,上海证券交易所,科创50,XSHG,2023-01-09,991.0952,994.7397,986.165,1000.0673,988.6687,1038175200,47866647750,-2.4265,-0.002448
336,000688.XSHG,000688,上海证券交易所,科创50,XSHG,2023-01-10,988.6687,989.8491,985.2184,998.1597,990.3153,954589100,43450196099,1.6466,0.001665
337,000688.XSHG,000688,上海证券交易所,科创50,XSHG,2023-01-11,990.3153,990.1451,973.5585,993.4742,973.9615,993561100,45956907726,-16.3538,-0.016514
338,000688.XSHG,000688,上海证券交易所,科创50,XSHG,2023-01-12,973.9615,978.3612,971.4967,979.3554,974.1936,915674600,40898126107,0.2321,0.000238
339,000688.XSHG,000688,上海证券交易所,科创50,XSHG,2023-01-13,974.1936,976.5797,967.1122,977.0551,974.3118,913218000,41421090096,0.1182,0.000121
340,000688.XSHG,000688,上海证券交易所,科创50,XSHG,2023-01-16,974.3118,972.7034,971.9038,1000.2674,992.6127,1329550600,60220009142,18.3009,0.018783
341,000688.XSHG,000688,上海证券交易所,科创50,XSHG,2023-01-17,992.6127,994.6421,993.4538,1006.5856,1003.6765,1053009700,49292823529,11.0638,0.011146
342,000688.XSHG,000688,上海证券交易所,科创50,XSHG,2023-01-18,1003.6765,1006.688,1001.7536,1009.8746,1006.7455,938438800,40107877790,3.069,0.003058
343,000688.XSHG,000688,上海证券交易所,科创50,XSHG,2023-01-19,1006.7455,1004.7854,1004.0824,1023.707,1023.6512,1042902500,47849458727,16.9057,0.016792
344,000688.XSHG,000688,上海证券交易所,科创50,XSHG,2023-01-20,1023.6512,1025.0044,1024.1561,1034.5853,1029.135,987858500,45914395843,5.4838,0.005357
345,000688.XSHG,000688,上海证券交易所,科创50,XSHG,2023-01-30,1029.135,1046.437,1031.3578,1051.6741,1031.6097,1477156200,65873911371,2.4747,0.002405
346,000688.XSHG,000688,上海证券交易所,科创50,XSHG,2023-01-31,1031.6097,1027.8189,1014.1267,1029.6248,1014.3578,1195070700,54352162179,-17.2519,-0.016723
347,000688.XSHG,000688,上海证券交易所,科创50,XSHG,2023-02-01,1014.3578,1016.3108,1010.4001,1026.8686,1026.3979,1326517700,59104192243,12.0401,0.01187
348,000688.XSHG,000688,上海证券交易所,科创50,XSHG,2023-02-02,1026.3979,1030.3347,1028.3707,1041.2432,1031.6796,1508964200,67219065122,5.2817,0.005146
349,000688.XSHG,000688,上海证券交易所,科创50,XSHG,2023-02-03,1031.6796,1029.1179,1016.9074,1034.2606,1033.8698,1343646800,57900360865,2.1902,0.002123
350,000688.XSHG,000688,上海证券交易所,科创50,XSHG,2023-02-06,1033.8698,1031.9175,1020.8148,1038.2737,1024.4263,1347214700,59600662110,-9.4435,-0.009134
351,000688.XSHG,000688,上海证券交易所,科创50,XSHG,2023-02-07,1024.4263,1024.2366,1014.4841,1027.7606,1020.1661,1346815100,58821993748,-4.2602,-0.004159
352,000688.XSHG,000688,上海证券交易所,科创50,XSHG,2023-02-08,1020.1661,1021.1612,1010.6939,1026.2165,1010.6939,1241198300,52605683858,-9.4722,-0.009285
353,000688.XSHG,000688,上海证券交易所,科创50,XSHG,2023-02-09,1010.6939,1007.839,1004.6711,1037.7034,1036.8609,1525032900,66019205235,26.167,0.02589
354,000688.XSHG,000688,上海证券交易所,科创50,XSHG,2023-02-10,1036.8609,1034.2179,1018.7612,1038.6002,1024.538,1550093100,66056252509,-12.3229,-0.011885
355,000688.XSHG,000688,上海证券交易所,科创50,XSHG,2023-02-13,1024.538,1020.5503,1017.5878,1031.4729,1024.0363,1468001500,66450342880,-0.5017,-0.00049
356,000688.XSHG,000688,上海证券交易所,科创50,XSHG,2023-02-14,1024.0363,1026.4502,1016.928,1032.5889,1022.6687,1333602500,58720169638,-1.3676,-0.001335
357,000688.XSHG,000688,上海证券交易所,科创50,XSHG,2023-02-15,1022.6687,1022.7935,1016.2463,1026.2007,1024.2168,1451313400,63242881080,1.5481,0.001514
358,000688.XSHG,000688,上海证券交易所,科创50,XSHG,2023-02-16,1024.2168,1024.1207,998.9589,1030.427,1005.18,1871601200,75322335239,-19.0368,-0.018587
359,000688.XSHG,000688,上海证券交易所,科创50,XSHG,2023-02-17,1005.18,1002.082,986.3345,1005.3773,986.3345,1331505000,56090801829,-18.8455,-0.018748
360,000688.XSHG,000688,上海证券交易所,科创50,XSHG,2023-02-20,986.3345,985.1131,979.8278,999.9753,998.8316,1294070400,54599234284,12.4971,0.01267
361,000688.XSHG,000688,上海证券交易所,科创50,XSHG,2023-02-21,998.8316,997.5542,989.9805,1003.1806,995.7253,1256080600,52558324070,-3.1063,-0.00311
362,000688.XSHG,000688,上海证券交易所,科创50,XSHG,2023-02-22,995.7253,988.7885,987.2775,993.5206,989.6532,1147102900,46779732329,-6.0721,-0.006098
363,000688.XSHG,000688,上海证券交易所,科创50,XSHG,2023-02-23,989.6532,988.1959,988.1959,997.764,992.4615,1155513500,48375296835,2.8083,0.002838
364,000688.XSHG,000688,上海证券交易所,科创50,XSHG,2023-02-24,992.4615,996.0282,988.331,999.7993,990.6316,1036510200,45187501766,-1.8299,-0.001844
365,000688.XSHG,000688,上海证券交易所,科创50,XSHG,2023-02-27,990.6316,988.1077,983.9222,996.1181,986.2821,1310565100,51998040873,-4.3495,-0.004391
366,000688.XSHG,000688,上海证券交易所,科创50,XSHG,2023-02-28,986.2821,991.4395,980.1039,994.7261,990.4668,1303024600,52437860132,4.1847,0.004243
367,000688.XSHG,000688,上海证券交易所,科创50,XSHG,2023-03-01,990.4668,989.1076,984.5922,998.0649,994.634,1692348100,59409788693,4.1672,0.004207
368,000688.XSHG,000688,上海证券交易所,科创50,XSHG,2023-03-02,994.634,994.5436,987.9103,997.4647,988.8943,1698736200,60486332441,-5.7397,-0.005771
369,000688.XSHG,000688,上海证券交易所,科创50,XSHG,2023-03-03,988.8943,996.0998,990.2691,1002.4766,998.9005,1572955900,59048269474,10.0062,0.010119
370,000688.XSHG,000688,上海证券交易所,科创50,XSHG,2023-03-06,998.9005,999.7237,991.6618,1011.0346,1007.6347,1689473300,67507755741,8.7342,0.008744
371,000688.XSHG,000688,上海证券交易所,科创50,XSHG,2023-03-07,1007.6347,1005.6193,990.2126,1008.0787,990.575,1656108700,58853540435,-17.0597,-0.01693
372,000688.XSHG,000688,上海证券交易所,科创50,XSHG,2023-03-08,990.575,989.707,987.9691,996.8059,994.8858,1391851200,51460668801,4.3108,0.004352
373,000688.XSHG,000688,上海证券交易所,科创50,XSHG,2023-03-09,994.8858,996.5634,992.2082,1003.1974,998.3033,1456362900,59155878336,3.4175,0.003435
374,000688.XSHG,000688,上海证券交易所,科创50,XSHG,2023-03-10,998.3033,990.8994,987.4988,1003.8865,993.5522,1565815700,61260192998,-4.7511,-0.004759
375,000688.XSHG,000688,上海证券交易所,科创50,XSHG,2023-03-13,993.5522,992.9416,991.1574,1000.0178,998.9069,1544410700,59463126921,5.3547,0.005389
376,000688.XSHG,000688,上海证券交易所,科创50,XSHG,2023-03-14,998.9069,997.7704,989.3317,1017.693,1013.3904,1884412300,74141319517,14.4835,0.014499
377,000688.XSHG,000688,上海证券交易所,科创50,XSHG,2023-03-15,1013.3904,1016.1778,1007.1799,1027.1658,1007.3043,1720262600,69700214429,-6.0861,-0.006006
378,000688.XSHG,000688,上海证券交易所,科创50,XSHG,2023-03-16,1007.3043,1001.5166,990.1628,1010.2789,992.4352,1608207100,62856063103,-14.8691,-0.014761
379,000688.XSHG,000688,上海证券交易所,科创50,XSHG,2023-03-17,992.4352,1002.3656,995.0794,1021.8344,1015.7576,1970724600,83230830954,23.3224,0.0235
380,000688.XSHG,000688,上海证券交易所,科创50,XSHG,2023-03-20,1015.7576,1016.2287,1012.451,1035.278,1025.3214,2020962100,88801513312,9.5638,0.009415
381,000688.XSHG,000688,上海证券交易所,科创50,XSHG,2023-03-21,1025.3214,1024.5325,1020.5172,1030.1859,1030.1859,1598318900,68357468910,4.8645,0.004744
382,000688.XSHG,000688,上海证券交易所,科创50,XSHG,2023-03-22,1030.1859,1031.6142,1028.3053,1039.1577,1034.0494,1705958200,75836218612,3.8635,0.00375
383,000688.XSHG,000688,上海证券交易所,科创50,XSHG,2023-03-23,1034.0494,1030.4658,1030.4658,1058.9879,1058.9879,2008546300,92513367157,24.9385,0.024117
384,000688.XSHG,000688,上海证券交易所,科创50,XSHG,2023-03-24,1058.9879,1058.1192,1051.0479,1064.1248,1060.9865,2000530500,91345727610,1.9986,0.001887
385,000688.XSHG,000688,上海证券交易所,科创50,XSHG,2023-03-27,1060.9865,1057.1723,1044.7016,1070.1846,1057.4871,2089586500,95171918032,-3.4994,-0.003298
386,000688.XSHG,000688,上海证券交易所,科创50,XSHG,2023-03-28,1057.4871,1059.6662,1037.0076,1065.9492,1038.6252,1747006700,79848094051,-18.8619,-0.017837
387,000688.XSHG,000688,上海证券交易所,科创50,XSHG,2023-03-29,1038.6252,1039.7949,1035.6779,1076.0582,1062.1362,1807837400,87270623688,23.511,0.022637
388,000688.XSHG,000688,上海证券交易所,科创50,XSHG,2023-03-30,1062.1362,1065.3871,1053.5267,1070.1058,1065.6902,1625258200,78790289031,3.554,0.003346
389,000688.XSHG,000688,上海证券交易所,科创50,XSHG,2023-03-31,1065.6902,1063.2879,1059.3604,1083.1624,1081.5406,1605622900,79942699628,15.8504,0.014873
390,000688.XSHG,000688,上海证券交易所,科创50,XSHG,2023-04-03,1081.5406,1093.0751,1090.7461,1128.2317,1126.4885,2234574900,112681541727,44.9479,0.041559
391,000688.XSHG,000688,上海证券交易所,科创50,XSHG,2023-04-04,1126.4885,1122.383,1115.7391,1147.7318,1129.0844,2690579900,133820017384,2.5959,0.002304
392,000688.XSHG,000688,上海证券交易所,科创50,XSHG,2023-04-06,1129.0844,1127.0315,1127.0315,1165.3352,1146.9642,2653885600,137333131257,17.8798,0.015836
393,000688.XSHG,000688,上海证券交易所,科创50,XSHG,2023-04-07,1146.9642,1149.536,1141.8277,1162.5715,1161.0214,2242469500,112598687630,14.0572,0.012256
394,000688.XSHG,000688,上海证券交易所,科创50,XSHG,2023-04-10,1161.0214,1164.9829,1126.0469,1171.3049,1129.1723,2607574300,132660481893,-31.8491,-0.027432
395,000688.XSHG,000688,上海证券交易所,科创50,XSHG,2023-04-11,1129.1723,1132.2222,1109.2238,1138.6179,1121.7402,2130243800,109725195185,-7.4321,-0.006582
396,000688.XSHG,000688,上海证券交易所,科创50,XSHG,2023-04-12,1121.7402,1118.1286,1112.4454,1139.0881,1129.4062,2128822900,107404476704,7.666,0.006834
397,000688.XSHG,000688,上海证券交易所,科创50,XSHG,2023-04-13,1129.4062,1122.3706,1098.1183,1124.7093,1100.1259,2164200200,104596744966,-29.2803,-0.025925
398,000688.XSHG,000688,上海证券交易所,科创50,XSHG,2023-04-14,1100.1259,1107.6247,1095.9566,1137.9521,1136.2134,2362557500,116304145252,36.0875,0.032803
399,000688.XSHG,000688,上海证券交易所,科创50,XSHG,2023-04-17,1136.2134,1134.0507,1134.0507,1151.3983,1140.1303,2211621600,106058779471,3.9169,0.003447
400,000688.XSHG,000688,上海证券交易所,科创50,XSHG,2023-04-18,1140.1303,1130.8127,1114.8347,1137.8301,1129.8171,1934740800,96219153369,-10.3132,-0.009046
401,000688.XSHG,000688,上海证券交易所,科创50,XSHG,2023-04-19,1129.8171,1131.7402,1127.7143,1151.6751,1134.4041,2011457000,104122564522,4.587,0.00406
402,000688.XSHG,000688,上海证券交易所,科创50,XSHG,2023-04-20,1134.4041,1134.9374,1134.9374,1165.6827,1164.9478,2722911000,125797256340,30.5437,0.026925
403,000688.XSHG,000688,上海证券交易所,科创50,XSHG,2023-04-21,1164.9478,1162.938,1116.8252,1167.5365,1116.8252,2865098400,123461125024,-48.1226,-0.041309
404,000688.XSHG,000688,上海证券交易所,科创50,XSHG,2023-04-24,1116.8252,1116.6656,1089.9618,1118.7652,1096.3774,2310164000,101253179263,-20.4478,-0.018309
405,000688.XSHG,000688,上海证券交易所,科创50,XSHG,2023-04-25,1096.3774,1095.9456,1068.7178,1102.386,1076.8646,2259760200,101866667944,-19.5128,-0.017798
406,000688.XSHG,000688,上海证券交易所,科创50,XSHG,2023-04-26,1076.8646,1072.6959,1060.1333,1085.9677,1069.0054,2274580700,101368656897,-7.8592,-0.007298
407,000688.XSHG,000688,上海证券交易所,科创50,XSHG,2023-04-27,1069.0054,1063.5302,1059.95,1082.031,1068.0119,1898733000,88951331859,-0.9935,-0.000929
408,000688.XSHG,000688,上海证券交易所,科创50,XSHG,2023-04-28,1068.0119,1060.7062,1060.7062,1089.7418,1087.8686,2060398700,95217179555,19.8567,0.018592
409,000688.XSHG,000688,上海证券交易所,科创50,XSHG,2023-05-04,1087.8686,1077.8519,1060.3044,1082.8354,1064.2044,2008423400,84227253464,-23.6642,-0.021753
410,000688.XSHG,000688,上海证券交易所,科创50,XSHG,2023-05-05,1064.2044,1062.6626,1047.0917,1067.4137,1049.0884,1963731200,79294805690,-15.116,-0.014204
411,000688.XSHG,000688,上海证券交易所,科创50,XSHG,2023-05-08,1049.0884,1050.0999,1046.2641,1063.8948,1057.2139,1797424300,71848727848,8.1255,0.007745
412,000688.XSHG,000688,上海证券交易所,科创50,XSHG,2023-05-09,1057.2139,1058.373,1034.1858,1063.0194,1034.2124,1903059700,78166984508,-23.0015,-0.021757
413,000688.XSHG,000688,上海证券交易所,科创50,XSHG,2023-05-10,1034.2124,1031.129,1018.0784,1038.1062,1025.7059,2288568700,71446868978,-8.5065,-0.008225
414,000688.XSHG,000688,上海证券交易所,科创50,XSHG,2023-05-11,1025.7059,1035.1831,1025.5695,1042.3169,1025.971,1758834400,61442553017,0.2651,0.000258
415,000688.XSHG,000688,上海证券交易所,科创50,XSHG,2023-05-12,1025.971,1028.3604,1014.0205,1036.8794,1014.1052,1595644000,59112338372,-11.8658,-0.011565
416,000688.XSHG,000688,上海证券交易所,科创50,XSHG,2023-05-15,1014.1052,1013.526,1006.2993,1025.9054,1025.7852,1683605100,63962743041,11.68,0.011518
417,000688.XSHG,000688,上海证券交易所,科创50,XSHG,2023-05-16,1025.7852,1029.3297,1022.3382,1033.8183,1025.8656,1761413100,64673406126,0.0804,7.8e-05
418,000688.XSHG,000688,上海证券交易所,科创50,XSHG,2023-05-17,1025.8656,1025.4468,1024.182,1035.145,1029.6495,1686485100,60956850977,3.7839,0.003688
419,000688.XSHG,000688,上海证券交易所,科创50,XSHG,2023-05-18,1029.6495,1031.4041,1027.7566,1038.5154,1034.8222,1911882200,71590896833,5.1727,0.005024
420,000688.XSHG,000688,上海证券交易所,科创50,XSHG,2023-05-19,1034.8222,1040.3461,1036.9679,1048.9048,1040.1612,2030321800,78787510283,5.339,0.005159
421,000688.XSHG,000688,上海证券交易所,科创50,XSHG,2023-05-22,1040.1612,1040.8291,1027.441,1048.4735,1032.1118,1655477400,63112310423,-8.0494,-0.007739
422,000688.XSHG,000688,上海证券交易所,科创50,XSHG,2023-05-23,1032.1118,1029.1436,1016.1058,1029.3268,1016.1058,1524043100,56630553798,-16.006,-0.015508
423,000688.XSHG,000688,上海证券交易所,科创50,XSHG,2023-05-24,1016.1058,1011.1241,1006.7144,1024.0659,1011.7735,1725306400,66555091732,-4.3323,-0.004264
424,000688.XSHG,000688,上海证券交易所,科创50,XSHG,2023-05-25,1011.7735,1016.9164,1006.7905,1023.4249,1021.7194,1664280500,66550871801,9.9459,0.00983
425,000688.XSHG,000688,上海证券交易所,科创50,XSHG,2023-05-26,1021.7194,1023.8581,1022.1115,1040.6728,1038.6612,1563435600,65742723946,16.9418,0.016582
426,000688.XSHG,000688,上海证券交易所,科创50,XSHG,2023-05-29,1038.6612,1041.27,1026.826,1047.3601,1028.3796,1865987000,78556835786,-10.2816,-0.009899
427,000688.XSHG,000688,上海证券交易所,科创50,XSHG,2023-05-30,1028.3796,1025.8257,1022.1507,1047.4726,1044.4253,1745796800,69227145676,16.0457,0.015603
428,000688.XSHG,000688,上海证券交易所,科创50,XSHG,2023-05-31,1044.4253,1040.3387,1037.6277,1053.9095,1053.9095,1880442200,77601945793,9.4842,0.009081
429,000688.XSHG,000688,上海证券交易所,科创50,XSHG,2023-06-01,1053.9095,1048.9542,1044.979,1067.2286,1053.549,2042629700,81363288116,-0.3605,-0.000342
430,000688.XSHG,000688,上海证券交易所,科创50,XSHG,2023-06-02,1053.549,1055.9483,1047.3682,1059.2489,1053.2906,1811286800,72564650445,-0.2584,-0.000245
431,000688.XSHG,000688,上海证券交易所,科创50,XSHG,2023-06-05,1053.2906,1063.1494,1049.4464,1068.298,1051.7336,1750216100,73780939362,-1.557,-0.001478
432,000688.XSHG,000688,上海证券交易所,科创50,XSHG,2023-06-06,1051.7336,1047.9186,1021.0021,1048.2956,1022.9844,1842640200,74379922945,-28.7492,-0.027335
433,000688.XSHG,000688,上海证券交易所,科创50,XSHG,2023-06-07,1022.9844,1023.9501,1015.3388,1026.4648,1019.0506,1577853200,63693249071,-3.9338,-0.003845
434,000688.XSHG,000688,上海证券交易所,科创50,XSHG,2023-06-08,1019.0506,1012.656,1001.7524,1014.5674,1007.1198,1772747400,67639673481,-11.9308,-0.011708
435,000688.XSHG,000688,上海证券交易所,科创50,XSHG,2023-06-09,1007.1198,1008.9027,1003.3235,1032.551,1032.551,2468430500,92922139215,25.4312,0.025251
436,000688.XSHG,000688,上海证券交易所,科创50,XSHG,2023-06-12,1032.551,1030.2582,1022.403,1032.0937,1026.6391,2011092300,79144447058,-5.9119,-0.005726
437,000688.XSHG,000688,上海证券交易所,科创50,XSHG,2023-06-13,1026.6391,1025.21,1021.2667,1043.9612,1039.4627,1898853400,76481117521,12.8236,0.012491
438,000688.XSHG,000688,上海证券交易所,科创50,XSHG,2023-06-14,1039.4627,1038.8898,1031.0687,1040.3339,1035.3136,1904904600,76346612742,-4.1491,-0.003992
439,000688.XSHG,000688,上海证券交易所,科创50,XSHG,2023-06-15,1035.3136,1036.3109,1029.7398,1038.7231,1033.8503,2122389000,86008114350,-1.4633,-0.001413
440,000688.XSHG,000688,上海证券交易所,科创50,XSHG,2023-06-16,1033.8503,1034.4248,1032.3141,1055.0788,1052.883,2113282900,85733406883,19.0327,0.01841
441,000688.XSHG,000688,上海证券交易所,科创50,XSHG,2023-06-19,1052.883,1053.3425,1044.9751,1059.9784,1055.4541,2370324400,97506851878,2.5711,0.002442
442,000688.XSHG,000688,上海证券交易所,科创50,XSHG,2023-06-20,1055.4541,1054.5106,1043.4967,1058.6038,1055.412,2379463700,98210003771,-0.0421,-4e-05
443,000688.XSHG,000688,上海证券交易所,科创50,XSHG,2023-06-21,1055.412,1050.1242,1020.1422,1051.0235,1020.2214,2102342800,86510625593,-35.1906,-0.033343
444,000688.XSHG,000688,上海证券交易所,科创50,XSHG,2023-06-26,1020.2214,1011.1484,1006.3542,1029.9437,1010.3139,1988421700,78401880377,-9.9075,-0.009711
445,000688.XSHG,000688,上海证券交易所,科创50,XSHG,2023-06-27,1010.3139,1011.0821,1006.7875,1018.8955,1011.3515,1778795500,66973507617,1.0376,0.001027
446,000688.XSHG,000688,上海证券交易所,科创50,XSHG,2023-06-28,1011.3515,1017.0812,996.1373,1019.6687,1008.2186,1858662500,73973362273,-3.1329,-0.003098
447,000688.XSHG,000688,上海证券交易所,科创50,XSHG,2023-06-29,1008.2186,1004.5434,1001.4575,1012.057,1001.4575,1758307500,70478461065,-6.7611,-0.006706
448,000688.XSHG,000688,上海证券交易所,科创50,XSHG,2023-06-30,1001.4575,999.1819,997.5367,1009.0966,1005.1498,1896435800,75156526810,3.6923,0.003687
449,000688.XSHG,000688,上海证券交易所,科创50,XSHG,2023-07-03,1005.1498,1006.5773,999.1626,1013.1852,1008.3988,2038226700,85011402543,3.249,0.003232
450,000688.XSHG,000688,上海证券交易所,科创50,XSHG,2023-07-04,1008.3988,1008.4331,1004.1199,1022.455,1015.3962,1959008500,78168877334,6.9974,0.006939
451,000688.XSHG,000688,上海证券交易所,科创50,XSHG,2023-07-05,1015.3962,1013.3792,1004.5412,1016.8085,1005.7314,1775838100,69501065885,-9.6648,-0.009518
452,000688.XSHG,000688,上海证券交易所,科创50,XSHG,2023-07-06,1005.7314,1004.6671,1001.37,1012.8474,1002.1114,1523164400,64287377294,-3.62,-0.003599
453,000688.XSHG,000688,上海证券交易所,科创50,XSHG,2023-07-07,1002.1114,1001.0157,989.6632,1002.446,991.8494,1559101700,60289675764,-10.262,-0.01024
454,000688.XSHG,000688,上海证券交易所,科创50,XSHG,2023-07-10,991.8494,992.7442,990.2509,1001.0328,993.731,1414901600,54344824343,1.8816,0.001897
455,000688.XSHG,000688,上海证券交易所,科创50,XSHG,2023-07-11,993.731,996.5586,994.2616,1003.221,1001.414,1514593900,61331463358,7.683,0.007731
456,000688.XSHG,000688,上海证券交易所,科创50,XSHG,2023-07-12,1001.414,999.2363,984.0349,1000.0103,984.9811,1663119700,67191093861,-16.4329,-0.01641
457,000688.XSHG,000688,上海证券交易所,科创50,XSHG,2023-07-13,984.9811,988.6965,988.5887,997.7016,995.9726,1589627500,64678820343,10.9915,0.011159
458,000688.XSHG,000688,上海证券交易所,科创50,XSHG,2023-07-14,995.9726,999.7892,990.6153,1002.8154,991.5585,1680428200,68045978926,-4.4141,-0.004432
459,000688.XSHG,000688,上海证券交易所,科创50,XSHG,2023-07-17,991.5585,988.8807,982.0462,988.8807,984.8212,1404603000,56196970381,-6.7373,-0.006795
460,000688.XSHG,000688,上海证券交易所,科创50,XSHG,2023-07-18,984.8212,985.2441,980.0185,987.7106,980.0185,1412825700,56962134355,-4.8027,-0.004877
461,000688.XSHG,000688,上海证券交易所,科创50,XSHG,2023-07-19,980.0185,986.9975,973.3371,988.5474,975.1149,1293921000,54719448120,-4.9036,-0.005004
462,000688.XSHG,000688,上海证券交易所,科创50,XSHG,2023-07-20,975.1149,978.3844,960.2906,978.6347,961.1299,1440459300,52725932419,-13.985,-0.014342
463,000688.XSHG,000688,上海证券交易所,科创50,XSHG,2023-07-21,961.1299,958.8863,953.9349,963.9687,955.5486,1279275400,48045112871,-5.5813,-0.005807
464,000688.XSHG,000688,上海证券交易所,科创50,XSHG,2023-07-24,955.5486,953.9648,949.6377,961.3984,950.5518,1158835400,44365973032,-4.9968,-0.005229
465,000688.XSHG,000688,上海证券交易所,科创50,XSHG,2023-07-25,950.5518,961.5218,956.3666,965.6948,964.396,1320406100,51279640061,13.8442,0.014564
466,000688.XSHG,000688,上海证券交易所,科创50,XSHG,2023-07-26,964.396,963.554,959.3198,967.6652,961.5966,1218923200,48745037667,-2.7994,-0.002903
467,000688.XSHG,000688,上海证券交易所,科创50,XSHG,2023-07-27,961.5966,962.6089,950.8089,964.6229,952.2956,1247373400,47454831182,-9.301,-0.009672
468,000688.XSHG,000688,上海证券交易所,科创50,XSHG,2023-07-28,952.2956,950.5145,948.2011,963.005,962.6446,1385604600,52912714794,10.349,0.010867
469,000688.XSHG,000688,上海证券交易所,科创50,XSHG,2023-07-31,962.6446,961.6885,961.6885,973.9006,968.9941,1525390500,59277043226,6.3495,0.006596
470,000688.XSHG,000688,上海证券交易所,科创50,XSHG,2023-08-01,968.9941,969.405,966.1281,971.5169,969.6827,1316774000,51472016972,0.6886,0.000711
471,000688.XSHG,000688,上海证券交易所,科创50,XSHG,2023-08-02,969.6827,967.6864,965.9867,973.3857,968.4389,1240379000,50384998428,-1.2438,-0.001283
472,000688.XSHG,000688,上海证券交易所,科创50,XSHG,2023-08-03,968.4389,962.5496,962.0459,972.1585,970.3727,1196265800,46198267930,1.9338,0.001997
473,000688.XSHG,000688,上海证券交易所,科创50,XSHG,2023-08-04,970.3727,972.4839,968.8195,976.9765,975.7776,1358852400,51908722126,5.4049,0.00557
474,000688.XSHG,000688,上海证券交易所,科创50,XSHG,2023-08-07,975.7776,973.2893,967.1574,977.411,968.8975,1422593000,54452524783,-6.8801,-0.007051
475,000688.XSHG,000688,上海证券交易所,科创50,XSHG,2023-08-08,968.8975,967.4326,965.0414,971.7249,965.5321,1172374300,45735849707,-3.3654,-0.003473
476,000688.XSHG,000688,上海证券交易所,科创50,XSHG,2023-08-09,965.5321,961.5034,956.4007,966.7032,957.3687,1170709700,44714813160,-8.1634,-0.008455
477,000688.XSHG,000688,上海证券交易所,科创50,XSHG,2023-08-10,957.3687,957.2175,954.4172,961.8582,959.1699,1061988200,41773777909,1.8012,0.001881
478,000688.XSHG,000688,上海证券交易所,科创50,XSHG,2023-08-11,959.1699,960.0953,938.7652,960.6452,938.7652,1178318500,42513961046,-20.4047,-0.021273
479,000688.XSHG,000688,上海证券交易所,科创50,XSHG,2023-08-14,938.7652,932.0922,919.9442,934.2513,930.4952,1225048900,43659133614,-8.27,-0.008809
480,000688.XSHG,000688,上海证券交易所,科创50,XSHG,2023-08-15,930.4952,933.0566,911.5907,935.0059,917.4499,1434880600,46272071767,-13.0453,-0.01402
481,000688.XSHG,000688,上海证券交易所,科创50,XSHG,2023-08-16,917.4499,916.5863,901.6783,920.353,901.7867,1264585300,44632967299,-15.6632,-0.017073
482,000688.XSHG,000688,上海证券交易所,科创50,XSHG,2023-08-17,901.7867,899.7992,896.4352,913.8459,910.3778,1330428900,46633893310,8.5911,0.009527
483,000688.XSHG,000688,上海证券交易所,科创50,XSHG,2023-08-18,910.3778,924.2961,904.2485,924.2961,904.2485,1681881100,54330557386,-6.1293,-0.006733
484,000688.XSHG,000688,上海证券交易所,科创50,XSHG,2023-08-21,904.2485,900.2241,891.7448,907.6046,892.0926,1361526200,44318666456,-12.1559,-0.013443
485,000688.XSHG,000688,上海证券交易所,科创50,XSHG,2023-08-22,892.0926,896.7445,877.624,903.7842,901.1284,1588139900,53800963822,9.0358,0.010129
486,000688.XSHG,000688,上海证券交易所,科创50,XSHG,2023-08-23,901.1284,899.9612,879.459,899.9612,879.459,1268158500,41786236083,-21.6694,-0.024047
487,000688.XSHG,000688,上海证券交易所,科创50,XSHG,2023-08-24,879.459,883.7991,880.0304,895.9134,885.4764,1445861400,47154854216,6.0174,0.006842
488,000688.XSHG,000688,上海证券交易所,科创50,XSHG,2023-08-25,885.4764,880.1672,865.0887,882.4416,870.3988,1562556000,49567131959,-15.0776,-0.017028
489,000688.XSHG,000688,上海证券交易所,科创50,XSHG,2023-08-28,870.3988,925.9997,878.2617,927.6328,880.1914,2005190100,66689864622,9.7926,0.011251
490,000688.XSHG,000688,上海证券交易所,科创50,XSHG,2023-08-29,880.1914,878.7799,878.7799,920.5417,916.4552,2383068500,77816833570,36.2638,0.0412
491,000688.XSHG,000688,上海证券交易所,科创50,XSHG,2023-08-30,916.4552,935.818,928.4236,950.6977,939.6481,2772678500,91282953027,23.1929,0.025307
492,000688.XSHG,000688,上海证券交易所,科创50,XSHG,2023-08-31,939.6481,936.1949,932.3352,949.4645,942.6126,2392571900,80642216164,2.9645,0.003155
493,000688.XSHG,000688,上海证券交易所,科创50,XSHG,2023-09-01,942.6126,944.2507,927.2084,945.7243,934.7868,1755688900,61217259033,-7.8258,-0.008302
494,000688.XSHG,000688,上海证券交易所,科创50,XSHG,2023-09-04,934.7868,935.8206,927.58,942.4528,942.4276,1801226400,62949000943,7.6408,0.008174
495,000688.XSHG,000688,上海证券交易所,科创50,XSHG,2023-09-05,942.4276,942.5562,929.2516,947.9514,930.6288,1721203000,63083342767,-11.7988,-0.01252
496,000688.XSHG,000688,上海证券交易所,科创50,XSHG,2023-09-06,930.6288,926.25,920.2453,936.8839,934.6043,1822732400,66686482970,3.9755,0.004272
497,000688.XSHG,000688,上海证券交易所,科创50,XSHG,2023-09-07,934.6043,929.3581,899.2969,929.3581,899.8284,1795012000,63522799298,-34.7759,-0.037209
498,000688.XSHG,000688,上海证券交易所,科创50,XSHG,2023-09-08,899.8284,895.5038,894.3994,906.3371,901.5063,1751045700,58216341512,1.6779,0.001865
499,000688.XSHG,000688,上海证券交易所,科创50,XSHG,2023-09-11,901.5063,901.5418,895.6224,915.9892,907.505,2096830000,69278651695,5.9987,0.006654
500,000688.XSHG,000688,上海证券交易所,科创50,XSHG,2023-09-12,907.505,905.9151,901.38,909.839,901.6221,1568620900,52651460645,-5.8829,-0.006482
501,000688.XSHG,000688,上海证券交易所,科创50,XSHG,2023-09-13,901.6221,900.0035,882.911,902.5219,889.1316,1529049700,50077710476,-12.4905,-0.013853
502,000688.XSHG,000688,上海证券交易所,科创50,XSHG,2023-09-14,889.1316,888.2602,877.8223,892.7922,880.8019,1310808500,43523773358,-8.3297,-0.009368
503,000688.XSHG,000688,上海证券交易所,科创50,XSHG,2023-09-15,880.8019,883.0739,876.6237,893.9109,887.0132,1594502900,53692598058,6.2113,0.007052
504,000688.XSHG,000688,上海证券交易所,科创50,XSHG,2023-09-18,887.0132,881.3829,876.9104,888.6801,879.5336,1438966000,48388335384,-7.4796,-0.008432
505,000688.XSHG,000688,上海证券交易所,科创50,XSHG,2023-09-19,879.5336,879.3453,870.6621,880.2619,873.6178,1253068300,41605737979,-5.9158,-0.006726
506,000688.XSHG,000688,上海证券交易所,科创50,XSHG,2023-09-20,873.6178,870.032,865.7926,876.9029,866.0227,1152632200,36777826734,-7.5951,-0.008694
507,000688.XSHG,000688,上海证券交易所,科创50,XSHG,2023-09-21,866.0227,862.6379,860.3113,869.8602,860.3941,1075656500,34167406689,-5.6286,-0.006499
508,000688.XSHG,000688,上海证券交易所,科创50,XSHG,2023-09-22,860.3941,860.7277,859.0872,883.2572,882.8781,1516808200,51202088302,22.484,0.026132
509,000688.XSHG,000688,上海证券交易所,科创50,XSHG,2023-09-25,882.8781,880.3172,874.205,881.6997,874.5545,1504325900,48847701849,-8.3236,-0.009428
510,000688.XSHG,000688,上海证券交易所,科创50,XSHG,2023-09-26,874.5545,876.2581,873.9835,884.0215,876.051,1408880600,48004383433,1.4965,0.001711
511,000688.XSHG,000688,上海证券交易所,科创50,XSHG,2023-09-27,876.051,875.4349,875.4349,886.6707,880.17,1584140900,52175529859,4.119,0.004702
512,000688.XSHG,000688,上海证券交易所,科创50,XSHG,2023-09-28,880.17,880.3943,878.5871,890.0735,887.7997,1465780400,50815144562,7.6297,0.008668
513,000688.XSHG,000688,上海证券交易所,科创50,XSHG,2023-10-09,887.7997,884.2036,880.3388,890.9539,887.2116,1453270300,48920931817,-0.5881,-0.000662
514,000688.XSHG,000688,上海证券交易所,科创50,XSHG,2023-10-10,887.2116,888.1459,881.8362,892.4769,882.0437,1472813100,48711873863,-5.1679,-0.005825
515,000688.XSHG,000688,上海证券交易所,科创50,XSHG,2023-10-11,882.0437,885.6277,883.656,895.1551,893.4484,1769493700,60569823848,11.4047,0.01293
516,000688.XSHG,000688,上海证券交易所,科创50,XSHG,2023-10-12,893.4484,896.0022,891.1662,901.4727,899.984,1600612700,56574939913,6.5356,0.007315
517,000688.XSHG,000688,上海证券交易所,科创50,XSHG,2023-10-13,899.984,895.4675,888.5398,897.151,891.7201,1636537900,53521875850,-8.2639,-0.009182
518,000688.XSHG,000688,上海证券交易所,科创50,XSHG,2023-10-16,891.7201,890.4828,870.6073,890.942,874.0259,1690975700,55207431181,-17.6942,-0.019843
519,000688.XSHG,000688,上海证券交易所,科创50,XSHG,2023-10-17,874.0259,874.282,871.7941,884.9121,882.1911,1440584900,47364525190,8.1652,0.009342
520,000688.XSHG,000688,上海证券交易所,科创50,XSHG,2023-10-18,882.1911,884.7064,869.448,884.9287,869.7616,1400923200,49971189342,-12.4295,-0.014089
521,000688.XSHG,000688,上海证券交易所,科创50,XSHG,2023-10-19,869.7616,864.4591,864.0585,879.5542,870.1011,1660408100,58463263225,0.3395,0.00039
522,000688.XSHG,000688,上海证券交易所,科创50,XSHG,2023-10-20,870.1011,865.7751,861.0837,872.7992,861.8093,1531970700,54246922284,-8.2918,-0.00953
523,000688.XSHG,000688,上海证券交易所,科创50,XSHG,2023-10-23,861.8093,857.4821,836.6401,859.9884,840.1434,1530439600,50846721649,-21.6659,-0.02514
524,000688.XSHG,000688,上海证券交易所,科创50,XSHG,2023-10-24,840.1434,844.085,839.0805,858.2946,850.6142,1542004900,52744225878,10.4708,0.012463
525,000688.XSHG,000688,上海证券交易所,科创50,XSHG,2023-10-25,850.6142,859.765,848.6462,862.2045,848.6462,1568985200,52342580449,-1.968,-0.002314
526,000688.XSHG,000688,上海证券交易所,科创50,XSHG,2023-10-26,848.6462,841.9871,837.468,850.9947,849.3091,1546497800,50289356909,0.6629,0.000781
527,000688.XSHG,000688,上海证券交易所,科创50,XSHG,2023-10-27,849.3091,843.8765,842.5992,866.5435,861.8515,1997617200,65500325153,12.5424,0.014768
528,000688.XSHG,000688,上海证券交易所,科创50,XSHG,2023-10-30,861.8515,862.1168,860.402,881.8794,878.1287,2426216200,83269625851,16.2772,0.018886
529,000688.XSHG,000688,上海证券交易所,科创50,XSHG,2023-10-31,878.1287,882.4265,869.0197,882.5592,874.4056,2032414100,66543154324,-3.7231,-0.00424
530,000688.XSHG,000688,上海证券交易所,科创50,XSHG,2023-11-01,874.4056,874.0396,868.4489,878.3267,869.9184,1608621200,54896205468,-4.4872,-0.005132
531,000688.XSHG,000688,上海证券交易所,科创50,XSHG,2023-11-02,869.9184,871.5508,859.8892,875.2649,859.9318,1469637700,49198119706,-9.9866,-0.01148
532,000688.XSHG,000688,上海证券交易所,科创50,XSHG,2023-11-03,859.9318,861.5448,861.5448,877.0862,875.3725,1736165200,59698607963,15.4407,0.017956
533,000688.XSHG,000688,上海证券交易所,科创50,XSHG,2023-11-06,875.3725,880.603,880.603,891.5645,890.2065,2258883000,78633613197,14.834,0.016946
534,000688.XSHG,000688,上海证券交易所,科创50,XSHG,2023-11-07,890.2065,887.2043,883.7522,892.9885,891.456,1979814700,69716348463,1.2495,0.001404
535,000688.XSHG,000688,上海证券交易所,科创50,XSHG,2023-11-08,891.456,890.8733,889.8892,905.9381,899.6255,2214682600,77396456006,8.1695,0.009164
536,000688.XSHG,000688,上海证券交易所,科创50,XSHG,2023-11-09,899.6255,897.9307,891.4902,904.5864,893.7984,2071173000,67535789570,-5.8271,-0.006477
537,000688.XSHG,000688,上海证券交易所,科创50,XSHG,2023-11-10,893.7984,888.9868,885.2974,894.6326,889.7498,1688301900,59495469690,-4.0486,-0.00453
538,000688.XSHG,000688,上海证券交易所,科创50,XSHG,2023-11-13,889.7498,893.5003,888.5499,897.11,896.5513,1787550300,60665813518,6.8015,0.007644
539,000688.XSHG,000688,上海证券交易所,科创50,XSHG,2023-11-14,896.5513,895.8138,893.2805,904.7117,904.3413,2110128400,71383848694,7.79,0.008689
540,000688.XSHG,000688,上海证券交易所,科创50,XSHG,2023-11-15,904.3413,912.6266,900.6181,913.1959,902.1802,2291825800,78400202045,-2.1611,-0.00239
541,000688.XSHG,000688,上海证券交易所,科创50,XSHG,2023-11-16,902.1802,898.7438,886.7666,900.1495,887.1105,1871881500,62487615877,-15.0697,-0.016704
542,000688.XSHG,000688,上海证券交易所,科创50,XSHG,2023-11-17,887.1105,886.673,884.5137,891.9482,891.3803,1813488300,60121508231,4.2698,0.004813
543,000688.XSHG,000688,上海证券交易所,科创50,XSHG,2023-11-20,891.3803,890.8977,883.0271,896.0735,892.631,2150108300,75556514249,1.2507,0.001403
544,000688.XSHG,000688,上海证券交易所,科创50,XSHG,2023-11-21,892.631,892.9197,884.5996,896.9596,884.8949,1963021000,66923767634,-7.7361,-0.008667
545,000688.XSHG,000688,上海证券交易所,科创50,XSHG,2023-11-22,884.8949,881.9566,870.7602,884.7083,870.7602,1691559000,55664319782,-14.1347,-0.015973
546,000688.XSHG,000688,上海证券交易所,科创50,XSHG,2023-11-23,870.7602,869.8532,866.6299,878.451,877.7703,1518772600,49653211270,7.0101,0.008051
547,000688.XSHG,000688,上海证券交易所,科创50,XSHG,2023-11-24,877.7703,875.5802,863.8495,876.2576,864.7739,1460320600,49262059673,-12.9964,-0.014806
548,000688.XSHG,000688,上海证券交易所,科创50,XSHG,2023-11-27,864.7739,864.2671,861.384,869.8663,868.0296,1663492000,56784293267,3.2557,0.003765
549,000688.XSHG,000688,上海证券交易所,科创50,XSHG,2023-11-28,868.0296,868.8115,863.8138,873.656,871.9061,1662170700,56020308991,3.8765,0.004466
550,000688.XSHG,000688,上海证券交易所,科创50,XSHG,2023-11-29,871.9061,870.4,862.0363,872.8965,862.0363,1636350300,58283069949,-9.8698,-0.01132
551,000688.XSHG,000688,上海证券交易所,科创50,XSHG,2023-11-30,862.0363,861.51,857.6322,865.6845,865.6845,1618996800,54908404367,3.6482,0.004232
552,000688.XSHG,000688,上海证券交易所,科创50,XSHG,2023-12-01,865.6845,863.3343,856.4403,869.8201,867.5364,1586036600,55550963476,1.8519,0.002139
553,000688.XSHG,000688,上海证券交易所,科创50,XSHG,2023-12-04,867.5364,867.834,861.9198,873.5092,861.9198,1645469100,59449573231,-5.6166,-0.006474
554,000688.XSHG,000688,上海证券交易所,科创50,XSHG,2023-12-05,861.9198,859.4851,845.6048,859.4851,845.7994,1521840900,53166198100,-16.1204,-0.018703
555,000688.XSHG,000688,上海证券交易所,科创50,XSHG,2023-12-06,845.7994,843.8152,842.5904,852.3061,848.7905,1588273600,55914808939,2.9911,0.003536
556,000688.XSHG,000688,上海证券交易所,科创50,XSHG,2023-12-07,848.7905,847.102,839.0318,850.0813,847.4761,1738592300,64466064943,-1.3144,-0.001549
557,000688.XSHG,000688,上海证券交易所,科创50,XSHG,2023-12-08,847.4761,849.1607,847.9267,868.2335,868.2335,2447844200,94208682251,20.7574,0.024493
558,000688.XSHG,000688,上海证券交易所,科创50,XSHG,2023-12-11,868.2335,859.9741,854.805,880.0279,878.5159,2064123000,72770196593,10.2824,0.011843
559,000688.XSHG,000688,上海证券交易所,科创50,XSHG,2023-12-12,878.5159,876.6896,866.8407,877.8266,869.9667,1563161700,57226812693,-8.5492,-0.009731
560,000688.XSHG,000688,上海证券交易所,科创50,XSHG,2023-12-13,869.9667,868.8664,861.0318,875.1919,861.2509,1456689500,53321368117,-8.7158,-0.010019
561,000688.XSHG,000688,上海证券交易所,科创50,XSHG,2023-12-14,861.2509,865.0919,855.4293,869.2943,855.8981,1315397100,47653504729,-5.3528,-0.006215
562,000688.XSHG,000688,上海证券交易所,科创50,XSHG,2023-12-15,855.8981,857.0101,846.823,859.2501,847.507,1293916700,44681226996,-8.3911,-0.009804
563,000688.XSHG,000688,上海证券交易所,科创50,XSHG,2023-12-18,847.507,845.5383,838.3173,847.5862,840.6807,1260951300,42225498750,-6.8263,-0.008055
564,000688.XSHG,000688,上海证券交易所,科创50,XSHG,2023-12-19,840.6807,839.6436,838.2057,850.4069,845.8585,1215247100,40580504388,5.1778,0.006159
565,000688.XSHG,000688,上海证券交易所,科创50,XSHG,2023-12-20,845.8585,847.2721,835.3058,847.5884,835.7127,1211203100,40050633338,-10.1458,-0.011995
566,000688.XSHG,000688,上海证券交易所,科创50,XSHG,2023-12-21,835.7127,832.3701,831.9265,850.993,847.8169,1432556900,47125391991,12.1042,0.014484
567,000688.XSHG,000688,上海证券交易所,科创50,XSHG,2023-12-22,847.8169,846.6663,839.7871,851.479,843.3183,1451189200,47822787226,-4.4986,-0.005306
568,000688.XSHG,000688,上海证券交易所,科创50,XSHG,2023-12-25,843.3183,840.3789,834.4294,845.5627,837.2221,1185301900,40991522647,-6.0962,-0.007229
569,000688.XSHG,000688,上海证券交易所,科创50,XSHG,2023-12-26,837.2221,836.5314,822.4352,836.6613,825.2578,1169328000,39113936991,-11.9643,-0.01429
570,000688.XSHG,000688,上海证券交易所,科创50,XSHG,2023-12-27,825.2578,826.8309,826.165,833.8106,830.0574,1203567800,41133739403,4.7996,0.005816
571,000688.XSHG,000688,上海证券交易所,科创50,XSHG,2023-12-28,830.0574,828.4013,828.3423,853.4909,850.3851,1792088400,58015104320,20.3277,0.02449
572,000688.XSHG,000688,上海证券交易所,科创50,XSHG,2023-12-29,850.3851,849.611,848.3257,854.8785,852.0047,1718151600,58228339811,1.6196,0.001905
573,000688.XSHG,000688,上海证券交易所,科创50,XSHG,2024-01-02,852.0047,850.9687,839.8012,850.9687,839.8012,1513804000,51299035195,-12.2035,-0.014323
574,000688.XSHG,000688,上海证券交易所,科创50,XSHG,2024-01-03,839.8012,838.3022,827.1787,842.1976,829.7721,1428560500,50256538423,-10.0291,-0.011942
575,000688.XSHG,000688,上海证券交易所,科创50,XSHG,2024-01-04,829.7721,831.2304,817.7469,831.5542,823.8475,1246589500,42807367500,-5.9246,-0.00714
576,000688.XSHG,000688,上海证券交易所,科创50,XSHG,2024-01-05,823.8475,820.3966,803.4009,825.9385,807.7294,1383136300,45426509995,-16.1181,-0.019564
577,000688.XSHG,000688,上海证券交易所,科创50,XSHG,2024-01-08,807.7294,802.895,783.7367,804.5987,784.4332,1320422400,41757658981,-23.2962,-0.028842
578,000688.XSHG,000688,上海证券交易所,科创50,XSHG,2024-01-09,784.4332,786.4801,777.5601,793.5978,782.9263,1370305400,44711059436,-1.5069,-0.001921
579,000688.XSHG,000688,上海证券交易所,科创50,XSHG,2024-01-10,782.9263,779.08,771.5837,790.3581,777.1526,1274077500,41242507210,-5.7737,-0.007375
580,000688.XSHG,000688,上海证券交易所,科创50,XSHG,2024-01-11,777.1526,775.3721,775.1849,793.1363,789.864,1354724000,44546851850,12.7114,0.016356
581,000688.XSHG,000688,上海证券交易所,科创50,XSHG,2024-01-12,789.864,788.0254,778.1067,790.3773,778.3583,1310649100,41960114988,-11.5057,-0.014567
582,000688.XSHG,000688,上海证券交易所,科创50,XSHG,2024-01-15,778.3583,774.9573,770.9793,784.1906,773.4051,1219052900,41242676378,-4.9532,-0.006364
583,000688.XSHG,000688,上海证券交易所,科创50,XSHG,2024-01-16,773.4051,771.8404,765.4271,777.53,777.4032,1315285900,41839701587,3.9981,0.005169
584,000688.XSHG,000688,上海证券交易所,科创50,XSHG,2024-01-17,777.4032,775.8641,757.0449,776.226,757.0449,1175412200,37491845447,-20.3583,-0.026188
585,000688.XSHG,000688,上海证券交易所,科创50,XSHG,2024-01-18,757.0449,752.2862,741.3381,769.1193,768.2821,1734411900,51152319397,11.2372,0.014844
586,000688.XSHG,000688,上海证券交易所,科创50,XSHG,2024-01-19,768.2821,767.2392,762.2642,773.1497,765.4702,1288039200,40209639926,-2.8119,-0.00366
587,000688.XSHG,000688,上海证券交易所,科创50,XSHG,2024-01-22,765.4702,763.6012,735.4063,764.6242,742.2271,1711575900,49925569207,-23.2431,-0.030364
588,000688.XSHG,000688,上海证券交易所,科创50,XSHG,2024-01-23,742.2271,738.3826,733.4793,754.649,749.7431,1612407500,46270919233,7.516,0.010126
589,000688.XSHG,000688,上海证券交易所,科创50,XSHG,2024-01-24,749.7431,753.0097,728.3654,754.2197,750.2748,1645623600,46725962720,0.5317,0.000709
590,000688.XSHG,000688,上海证券交易所,科创50,XSHG,2024-01-25,750.2748,749.1329,742.932,768.0234,765.7908,1886779700,51522100979,15.516,0.02068
591,000688.XSHG,000688,上海证券交易所,科创50,XSHG,2024-01-26,765.7908,759.9374,742.9311,762.1842,746.0958,1565314600,44413803946,-19.695,-0.025719
592,000688.XSHG,000688,上海证券交易所,科创50,XSHG,2024-01-29,746.0958,748.2643,725.3074,754.5865,725.3074,1809930500,47533302470,-20.7884,-0.027863
593,000688.XSHG,000688,上海证券交易所,科创50,XSHG,2024-01-30,725.3074,720.1933,696.5635,722.631,697.8454,1518445000,41612056661,-27.462,-0.037863
594,000688.XSHG,000688,上海证券交易所,科创50,XSHG,2024-01-31,697.8454,693.8467,681.3837,699.6704,684.8518,1879054400,46792282544,-12.9936,-0.01862
595,000688.XSHG,000688,上海证券交易所,科创50,XSHG,2024-02-01,684.8518,680.7177,678.9651,704.6597,690.0051,1773677400,45872356757,5.1533,0.007525
596,000688.XSHG,000688,上海证券交易所,科创50,XSHG,2024-02-02,690.0051,693.0199,653.6205,694.7458,673.4071,2096647200,50348535505,-16.598,-0.024055
597,000688.XSHG,000688,上海证券交易所,科创50,XSHG,2024-02-05,673.4071,675.3958,635.7395,687.6212,676.7932,2777695900,58729670609,3.3861,0.005028
598,000688.XSHG,000688,上海证券交易所,科创50,XSHG,2024-02-06,676.7932,675.4531,665.6321,721.377,720.7998,2752807100,60143375048,44.0066,0.065022
599,000688.XSHG,000688,上海证券交易所,科创50,XSHG,2024-02-07,720.7998,723.3117,717.6979,744.3401,743.4228,3099344600,72213965559,22.623,0.031386
600,000688.XSHG,000688,上海证券交易所,科创50,XSHG,2024-02-08,743.4228,749.639,745.2397,767.8557,751.5036,3103756100,72357927083,8.0808,0.01087
601,000688.XSHG,000688,上海证券交易所,科创50,XSHG,2024-02-19,751.5036,762.6438,748.287,763.3583,763.3156,2742598700,68655866804,11.812,0.015718
602,000688.XSHG,000688,上海证券交易所,科创50,XSHG,2024-02-20,763.3156,756.0838,748.6,758.0583,754.7015,1970342000,51408513057,-8.6141,-0.011285
